photoDir,exifTimestamp,locationAbbr,utmEast,utmNorth,utmZone,photoDateTime,photoName,commonName,numIndividuals,numAnimalDetections,jsonAnimalDetection,jsonOtherDetection,maxDetectionConf
AST1/IMG_0012.JPG,Tue Oct  1 10:28:04 2019,H01-AST1,392372,3778100,11N,2019-10-01 10:28:04,VID7053-00000.jpg,Empty,0,0,,,0
AST1/IMG_0013.JPG,Tue Oct  1 12:35:06 2019,H01-AST1,392372,3778100,11N,2019-10-01 12:35:06,VID7053-00001.jpg,Empty,0,0,,"{'category': '1', 'conf': 0.108, 'bbox': [0.01506, 0.5736, 0.08786, 0.1248]}",0.108
AST1/IMG_0014.JPG,Tue Oct  1 13:54:35 2019,H01-AST1,392372,3778100,11N,2019-10-01 13:54:35,VID7053-00002.jpg,Empty,0,0,,,0
AST1/IMG_0015.JPG,Tue Oct  1 15:16:49 2019,H01-AST1,392372,3778100,11N,2019-10-01 15:16:49,VID7053-00003.jpg,Empty,0,0,,,0
AST1/IMG_0016.JPG,Fri Oct  4 12:10:25 2019,H01-AST1,392372,3778100,11N,2019-10-04 12:10:25,VID7053-00004.jpg,Empty,0,0,,,0
AST1/IMG_0017.JPG,Sat Oct  5 22:11:53 2019,H01-AST1,392372,3778100,11N,2019-10-05 22:11:53,VID7053-00005.jpg,Empty,0,0,,,0
AST1/IMG_0018.JPG,Sun Oct  6 08:11:45 2019,H01-AST1,392372,3778100,11N,2019-10-06 08:11:45,VID7053-00006.jpg,Coyote,1,1,"{'category': '1', 'conf': 0.998, 'bbox': [0.4729, 0.5694, 0.0799, 0.1079]}",,0.998
AST1/IMG_0019.JPG,Thu Oct 10 21:55:42 2019,H01-AST1,392372,3778100,11N,2019-10-10 21:55:42,VID7053-00007.jpg,Empty,0,0,,"{'category': '1', 'conf': 0.222, 'bbox': [0.04444, 0.004448, 0.9555, 0.9335]}",0.222
AST1/IMG_0020.JPG,Thu Oct 10 21:56:32 2019,H01-AST1,392372,3778100,11N,2019-10-10 21:56:32,VID7053-00008.jpg,Empty,0,0,,,0
AST1/IMG_0021.JPG,Fri Oct 11 13:30:18 2019,H01-AST1,392372,3778100,11N,2019-10-11 13:30:18,VID7053-00009.jpg,Empty,0,0,,,0
AST1/IMG_0022.JPG,Fri Oct 11 22:18:29 2019,H01-AST1,392372,3778100,11N,2019-10-11 22:18:29,VID7053-00010.jpg,Empty,0,0,,"{'category': '1', 'conf': 0.394, 'bbox': [0.01262, 0.5067, 0.05997, 0.08092]}",0.394
AST1/IMG_0023.JPG,Sat Oct 12 12:23:28 2019,H01-AST1,392372,3778100,11N,2019-10-12 12:23:28,VID7053-00011.jpg,Coyote,1,1,"{'category': '1', 'conf': 0.999, 'bbox': [0.3725, 0.551, 0.1152, 0.1067]}",,0.999
AST1/IMG_0024.JPG,Mon Oct 14 12:57:08 2019,H01-AST1,392372,3778100,11N,2019-10-14 12:57:08,VID7053-00012.jpg,Empty,0,0,,,0
AST1/IMG_0025.JPG,Tue Oct 15 16:04:50 2019,H01-AST1,392372,3778100,11N,2019-10-15 16:04:50,VID7053-00013.jpg,Empty,0,0,,"{'category': '1', 'conf': 0.131, 'bbox': [0.3474, 0.4064, 0.0505, 0.122]}",0.131
AST1/IMG_0026.JPG,Wed Oct 16 12:13:19 2019,H01-AST1,392372,3778100,11N,2019-10-16 12:13:19,VID7053-00014.jpg,Empty,0,0,,,0
AST1/IMG_0033.JPG,Thu Oct 17 04:12:36 2019,H01-AST1,392372,3778100,11N,2019-10-17 04:12:36,VID7053-00015.jpg,Empty,0,1,"{'category': '1', 'conf': 0.95, 'bbox': [0.02139, 0.3491, 0.05852, 0.08316]}","{'category': '1', 'conf': 0.399, 'bbox': [0.5298, 0.613, 0.04157, 0.06087]}",0.95
AST1/IMG_0034.JPG,Thu Oct 17 06:11:19 2019,H01-AST1,392372,3778100,11N,2019-10-17 06:11:19,VID7053-00016.jpg,Rabbit (cannot ID),1,0,,"{'category': '1', 'conf': 0.451, 'bbox': [0.1713, 0.4509, 0.05225, 0.07495]}{'category': '1', 'conf': 0.19, 'bbox': [0.1687, 0.4326, 0.05099, 0.07933]}{'category': '1', 'conf': 0.173, 'bbox': [0.1807, 0.4658, 0.04173, 0.05496]}{'category': '1', 'conf': 0.155, 'bbox': [0.1693, 0.4338, 0.03428, 0.04529]}",0.451
AST1/IMG_0035.JPG,Thu Oct 17 22:12:32 2019,H01-AST1,392372,3778100,11N,2019-10-17 22:12:32,VID7053-00017.jpg,Coyote,1,1,"{'category': '1', 'conf': 0.999, 'bbox': [0.3431, 0.4363, 0.1034, 0.1772]}",,0.999
AST1/IMG_0036.JPG,Thu Oct 17 23:40:15 2019,H01-AST1,392372,3778100,11N,2019-10-17 23:40:15,VID7053-00018.jpg,Rabbit (cannot ID),1,1,"{'category': '1', 'conf': 0.984, 'bbox': [0.1468, 0.4394, 0.06106, 0.06234]}","{'category': '1', 'conf': 0.148, 'bbox': [0.1139, 0.4136, 0.09577, 0.112]}{'category': '1', 'conf': 0.132, 'bbox': [0.06097, 0.3888, 0.1448, 0.1443]}{'category': '1', 'conf': 0.13, 'bbox': [0.02324, 0.3483, 0.05306, 0.08028]}{'category': '1', 'conf': 0.122, 'bbox': [0.1455, 0.4426, 0.06581, 0.09257]}",0.984
AST1/IMG_0037.JPG,Fri Oct 18 05:21:35 2019,H01-AST1,392372,3778100,11N,2019-10-18 05:21:35,VID7053-00019.jpg,Unknown,1,1,"{'category': '1', 'conf': 0.996, 'bbox': [0.03309, 0.6717, 0.1307, 0.2731]}",,0.996
AST1/IMG_0038.JPG,Fri Oct 18 05:22:55 2019,H01-AST1,392372,3778100,11N,2019-10-18 05:22:55,VID7053-00020.jpg,Coyote,1,1,"{'category': '1', 'conf': 0.99, 'bbox': [0.3785, 0.4504, 0.06452, 0.1789]}","{'category': '1', 'conf': 0.348, 'bbox': [0.02433, 0.3488, 0.05394, 0.08278]}{'category': '1', 'conf': 0.226, 'bbox': [0.3805, 0.4491, 0.09932, 0.1903]}",0.99
AST1/IMG_0040.JPG,Fri Oct 18 19:30:51 2019,H01-AST1,392372,3778100,11N,2019-10-18 19:30:51,VID7053-00021.jpg,Empty,0,0,,,0
AST1/IMG_0041.JPG,Fri Oct 18 23:15:08 2019,H01-AST1,392372,3778100,11N,2019-10-18 23:15:08,VID7053-00022.jpg,Coyote,1,1,"{'category': '1', 'conf': 0.991, 'bbox': [0.4034, 0.4448, 0.05196, 0.1058]}","{'category': '1', 'conf': 0.367, 'bbox': [0.3951, 0.444, 0.06705, 0.1427]}",0.991
AST1/IMG_0042.JPG,Sat Oct 19 00:27:02 2019,H01-AST1,392372,3778100,11N,2019-10-19 00:27:02,VID7053-00023.jpg,Rabbit (cannot ID),1,1,"{'category': '1', 'conf': 0.994, 'bbox': [0.1448, 0.5134, 0.09097, 0.1164]}",,0.994
AST1/IMG_0043.JPG,Sat Oct 19 04:33:11 2019,H01-AST1,392372,3778100,11N,2019-10-19 04:33:11,VID7053-00024.jpg,Unknown,1,0,,"{'category': '1', 'conf': 0.693, 'bbox': [0.3479, 0.4486, 0.05308, 0.03656]}{'category': '1', 'conf': 0.155, 'bbox': [0.3382, 0.443, 0.06531, 0.05716]}",0.693
AST1/IMG_0044.JPG,Sat Oct 19 05:32:35 2019,H01-AST1,392372,3778100,11N,2019-10-19 05:32:35,VID7053-00025.jpg,Coyote,1,1,"{'category': '1', 'conf': 0.999, 'bbox': [0.14, 0.5048, 0.1934, 0.284]}",,0.999
AST1/IMG_0045.JPG,Sat Oct 19 05:35:47 2019,H01-AST1,392372,3778100,11N,2019-10-19 05:35:47,VID7053-00026.jpg,Coyote,1,1,"{'category': '1', 'conf': 0.998, 'bbox': [0.3406, 0.4456, 0.1051, 0.1858]}",,0.998
AST1/IMG_0046.JPG,Sat Oct 19 06:53:52 2019,H01-AST1,392372,3778100,11N,2019-10-19 06:53:52,VID7053-00027.jpg,Coyote,1,1,"{'category': '1', 'conf': 0.991, 'bbox': [0, 0.7425, 0.2463, 0.2117]}",,0.991
AST1/IMG_0047.JPG,Sat Oct 19 06:55:14 2019,H01-AST1,392372,3778100,11N,2019-10-19 06:55:14,VID7053-00028.jpg,Coyote,1,1,"{'category': '1', 'conf': 0.995, 'bbox': [0.3906, 0.4285, 0.04961, 0.1454]}","{'category': '1', 'conf': 0.254, 'bbox': [0.3896, 0.4245, 0.01228, 0.04443]}",0.995
AST1/IMG_0048.JPG,Sat Oct 19 07:22:17 2019,H01-AST1,392372,3778100,11N,2019-10-19 07:22:17,VID7053-00029.jpg,Coyote,1,1,"{'category': '1', 'conf': 0.998, 'bbox': [0.4038, 0.4444, 0.04149, 0.1188]}",,0.998
AST1/IMG_0049.JPG,Sat Oct 19 07:22:57 2019,H01-AST1,392372,3778100,11N,2019-10-19 07:22:57,VID7053-00030.jpg,Coyote,1,1,"{'category': '1', 'conf': 0.999, 'bbox': [0, 0.4715, 0.3162, 0.4808]}",,0.999
AST1/IMG_0050.JPG,Sat Oct 19 07:23:39 2019,H01-AST1,392372,3778100,11N,2019-10-19 07:23:39,VID7053-00031.jpg,Coyote,1,1,"{'category': '1', 'conf': 0.999, 'bbox': [0.05566, 0.4542, 0.3001, 0.5018]}",,0.999
AST1/IMG_0051.JPG,Sat Oct 19 21:17:15 2019,H01-AST1,392372,3778100,11N,2019-10-19 21:17:15,VID7053-00032.jpg,Empty,0,1,"{'category': '1', 'conf': 0.948, 'bbox': [0.02745, 0.3488, 0.05786, 0.08362]}",,0.948
AST1/IMG_0052.JPG,Sat Oct 19 21:18:35 2019,H01-AST1,392372,3778100,11N,2019-10-19 21:18:35,VID7053-00033.jpg,Empty,0,0,,"{'category': '1', 'conf': 0.287, 'bbox': [0.02648, 0.3512, 0.05027, 0.08003]}",0.287
AST1/IMG_0053.JPG,Sun Oct 20 06:17:33 2019,H01-AST1,392372,3778100,11N,2019-10-20 06:17:33,VID7053-00034.jpg,Empty,0,0,,"{'category': '1', 'conf': 0.191, 'bbox': [0.01445, 0.3461, 0.06918, 0.08659]}",0.191
AST1/IMG_0054.JPG,Sun Oct 20 07:35:44 2019,H01-AST1,392372,3778100,11N,2019-10-20 07:35:44,VID7053-00035.jpg,Coyote,1,1,"{'category': '1', 'conf': 0.999, 'bbox': [0.006305, 0.522, 0.2487, 0.4307]}","{'category': '1', 'conf': 0.329, 'bbox': [0.004663, 0.5347, 0.1584, 0.3961]}",0.999
AST1/IMG_0055.JPG,Sun Oct 20 07:38:54 2019,H01-AST1,392372,3778100,11N,2019-10-20 07:38:54,VID7053-00036.jpg,Coyote,1,1,"{'category': '1', 'conf': 0.999, 'bbox': [0.3869, 0.4278, 0.07963, 0.1393]}",,0.999
AST1/IMG_0056.JPG,Sun Oct 20 07:40:03 2019,H01-AST1,392372,3778100,11N,2019-10-20 07:40:03,VID7053-00037.jpg,Coyote,1,1,"{'category': '1', 'conf': 0.999, 'bbox': [0.4827, 0.4564, 0.1246, 0.2168]}",,0.999
AST1/IMG_0057.JPG,Sun Oct 20 07:42:40 2019,H01-AST1,392372,3778100,11N,2019-10-20 07:42:40,VID7053-00038.jpg,Coyote,1,1,"{'category': '1', 'conf': 0.99, 'bbox': [0.3927, 0.42, 0.04666, 0.2027]}",,0.99
AST1/IMG_0058.JPG,Sun Oct 20 07:43:16 2019,H01-AST1,392372,3778100,11N,2019-10-20 07:43:16,VID7053-00039.jpg,Empty,0,0,,,0
AST1/IMG_0059.JPG,Sun Oct 20 08:04:19 2019,H01-AST1,392372,3778100,11N,2019-10-20 08:04:19,VID7053-00040.jpg,Coyote,1,1,"{'category': '1', 'conf': 0.999, 'bbox': [0.06813, 0.4286, 0.2416, 0.2024]}","{'category': '1', 'conf': 0.12, 'bbox': [0.1484, 0.4263, 0.1581, 0.1862]}",0.999
AST1/IMG_0060.JPG,Sun Oct 20 08:05:15 2019,H01-AST1,392372,3778100,11N,2019-10-20 08:05:15,VID7053-00041.jpg,Coyote,1,1,"{'category': '1', 'conf': 0.999, 'bbox': [0.0001633, 0.4081, 0.159, 0.2458]}",,0.999
AST1/IMG_0061.JPG,Sun Oct 20 08:05:46 2019,H01-AST1,392372,3778100,11N,2019-10-20 08:05:46,VID7053-00042.jpg,Coyote,1,1,"{'category': '1', 'conf': 0.999, 'bbox': [0.2948, 0.4391, 0.1655, 0.1851]}",,0.999
AST1/IMG_0062.JPG,Sun Oct 20 13:28:27 2019,H01-AST1,392372,3778100,11N,2019-10-20 13:28:27,VID7053-00043.jpg,Empty,0,0,,,0
AST1/IMG_0063.JPG,Sun Oct 20 22:09:57 2019,H01-AST1,392372,3778100,11N,2019-10-20 22:09:57,VID7053-00044.jpg,Coyote,1,1,"{'category': '1', 'conf': 0.999, 'bbox': [0.4517, 0.4675, 0.1609, 0.4917]}",,0.999
AST1/IMG_0064.JPG,Mon Oct 21 00:00:53 2019,H01-AST1,392372,3778100,11N,2019-10-21 00:00:53,VID7053-00045.jpg,Coyote,1,1,"{'category': '1', 'conf': 0.996, 'bbox': [0.3351, 0.4551, 0.0798, 0.1566]}",,0.996
AST1/IMG_0065.JPG,Mon Oct 21 05:37:37 2019,H01-AST1,392372,3778100,11N,2019-10-21 05:37:37,VID7053-00046.jpg,Coyote,1,1,"{'category': '1', 'conf': 0.999, 'bbox': [0.5186, 0.4666, 0.193, 0.3176]}","{'category': '1', 'conf': 0.624, 'bbox': [0.02094, 0.3477, 0.06398, 0.08476]}",0.999
AST1/IMG_0066.JPG,Mon Oct 21 07:51:19 2019,H01-AST1,392372,3778100,11N,2019-10-21 07:51:19,VID7053-00047.jpg,Coyote,1,1,"{'category': '1', 'conf': 0.999, 'bbox': [0.4024, 0.4288, 0.05703, 0.1409]}",,0.999
AST1/IMG_0067.JPG,Mon Oct 21 07:56:41 2019,H01-AST1,392372,3778100,11N,2019-10-21 07:56:41,VID7053-00048.jpg,Coyote,1,1,"{'category': '1', 'conf': 0.999, 'bbox': [0.3643, 0.4117, 0.09577, 0.2236]}",,0.999
AST1/IMG_0068.JPG,Mon Oct 21 11:00:10 2019,H01-AST1,392372,3778100,11N,2019-10-21 11:00:10,VID7053-00049.jpg,Empty,0,1,"{'category': '1', 'conf': 0.995, 'bbox': [0.1277, 0.6353, 0.04644, 0.08387]}","{'category': '1', 'conf': 0.238, 'bbox': [0.677, 0.5366, 0.02923, 0.07863]}",0.995
AST1/IMG_0069.JPG,Mon Oct 21 11:14:40 2019,H01-AST1,392372,3778100,11N,2019-10-21 11:14:40,VID7053-00050.jpg,Empty,0,0,,,0
AST1/IMG_0070.JPG,Mon Oct 21 11:15:26 2019,H01-AST1,392372,3778100,11N,2019-10-21 11:15:26,VID7053-00051.jpg,Empty,0,0,,,0
AST1/IMG_0071.JPG,Mon Oct 21 11:16:13 2019,H01-AST1,392372,3778100,11N,2019-10-21 11:16:13,VID7053-00052.jpg,Empty,0,0,,,0
AST1/IMG_0072.JPG,Mon Oct 21 11:16:49 2019,H01-AST1,392372,3778100,11N,2019-10-21 11:16:49,VID7053-00053.jpg,Empty,0,0,,,0
AST1/IMG_0073.JPG,Mon Oct 21 11:17:27 2019,H01-AST1,392372,3778100,11N,2019-10-21 11:17:27,VID7053-00054.jpg,Empty,0,0,,,0
AST1/IMG_0074.JPG,Mon Oct 21 11:18:31 2019,H01-AST1,392372,3778100,11N,2019-10-21 11:18:31,VID7053-00055.jpg,Empty,0,0,,,0
AST1/IMG_0078.JPG,Mon Oct 21 12:05:16 2019,H01-AST1,392372,3778100,11N,2019-10-21 12:05:16,VID7053-00056.jpg,Empty,0,0,,,0
AST1/IMG_0079.JPG,Mon Oct 21 12:31:38 2019,H01-AST1,392372,3778100,11N,2019-10-21 12:31:38,VID7053-00057.jpg,Empty,0,0,,,0
AST1/IMG_0080.JPG,Mon Oct 21 12:57:28 2019,H01-AST1,392372,3778100,11N,2019-10-21 12:57:28,VID7053-00058.jpg,Empty,0,0,,,0
AST1/IMG_0081.JPG,Mon Oct 21 13:00:56 2019,H01-AST1,392372,3778100,11N,2019-10-21 13:00:56,VID7053-00059.jpg,Empty,0,0,,,0
AST1/IMG_0082.JPG,Mon Oct 21 13:01:31 2019,H01-AST1,392372,3778100,11N,2019-10-21 13:01:31,VID7053-00060.jpg,Human,1,0,,"{'category': '2', 'conf': 0.999, 'bbox': [0.88, 0.0182, 0.1198, 0.9367]}",0
AST1/IMG_0086.JPG,Mon Oct 21 13:03:55 2019,H01-AST1,392372,3778100,11N,2019-10-21 13:03:55,VID7053-00061.jpg,Human,1,0,,"{'category': '2', 'conf': 0.993, 'bbox': [0.7321, 0.3611, 0.1612, 0.5382]}",0
AST1/IMG_0087.JPG,Mon Oct 21 13:04:40 2019,H01-AST1,392372,3778100,11N,2019-10-21 13:04:40,VID7053-00062.jpg,Human,1,0,,"{'category': '2', 'conf': 0.998, 'bbox': [0.7105, 0.3716, 0.2164, 0.5202]}",0
AST1/IMG_0088.JPG,Mon Oct 21 13:05:22 2019,H01-AST1,392372,3778100,11N,2019-10-21 13:05:22,VID7053-00063.jpg,Human,1,0,,"{'category': '2', 'conf': 0.999, 'bbox': [0.7205, 0.344, 0.1744, 0.5508]}",0
AST1/IMG_0089.JPG,Mon Oct 21 13:06:00 2019,H01-AST1,392372,3778100,11N,2019-10-21 13:06:00,VID7053-00064.jpg,Human,1,0,,"{'category': '2', 'conf': 0.998, 'bbox': [0.7972, 0.3426, 0.1411, 0.5963]}",0
AST1/IMG_0090.JPG,Mon Oct 21 13:06:36 2019,H01-AST1,392372,3778100,11N,2019-10-21 13:06:36,VID7053-00065.jpg,Human,1,0,,"{'category': '1', 'conf': 0.533, 'bbox': [0.9341, 0.6049, 0.06349, 0.3397]}{'category': '1', 'conf': 0.451, 'bbox': [0.9567, 0.608, 0.04151, 0.2822]}{'category': '1', 'conf': 0.342, 'bbox': [0.9579, 0.5986, 0.03557, 0.1566]}{'category': '1', 'conf': 0.204, 'bbox': [0.9461, 0.6039, 0.04714, 0.2121]}{'category': '1', 'conf': 0.162, 'bbox': [0.9591, 0.6014, 0.03245, 0.0935]}{'category': '1', 'conf': 0.111, 'bbox': [0.9661, 0.6023, 0.02678, 0.257]}",0.533
AST1/IMG_0091.JPG,Mon Oct 21 13:07:12 2019,H01-AST1,392372,3778100,11N,2019-10-21 13:07:12,VID7053-00066.jpg,Human,1,0,,"{'category': '2', 'conf': 0.999, 'bbox': [0.7544, 0.3364, 0.1532, 0.5522]}",0
AST1/IMG_0092.JPG,Mon Oct 21 13:07:53 2019,H01-AST1,392372,3778100,11N,2019-10-21 13:07:53,VID7053-00067.jpg,Human,1,0,,"{'category': '2', 'conf': 0.995, 'bbox': [0.828, 0.4602, 0.07519, 0.3921]}",0
AST1/IMG_0093.JPG,Mon Oct 21 13:08:28 2019,H01-AST1,392372,3778100,11N,2019-10-21 13:08:28,VID7053-00068.jpg,Human,1,0,,"{'category': '2', 'conf': 0.9, 'bbox': [0.7526, 0.3747, 0.08259, 0.2499]}",0
AST1/IMG_0105.JPG,Mon Oct 21 13:17:45 2019,H01-AST1,392372,3778100,11N,2019-10-21 13:17:45,VID7053-00069.jpg,Human,1,0,,"{'category': '2', 'conf': 0.998, 'bbox': [0.01628, 0.004777, 0.1553, 0.5571]}",0
AST1/IMG_0108.JPG,Mon Oct 21 13:19:42 2019,H01-AST1,392372,3778100,11N,2019-10-21 13:19:42,VID7053-00070.jpg,Human,1,0,,"{'category': '2', 'conf': 0.997, 'bbox': [0.0008078, 0, 0.07368, 0.5512]}",0
AST1/IMG_0109.JPG,Mon Oct 21 13:20:36 2019,H01-AST1,392372,3778100,11N,2019-10-21 13:20:36,VID7053-00071.jpg,Empty,0,0,,,0
AST1/IMG_0110.JPG,Mon Oct 21 13:22:05 2019,H01-AST1,392372,3778100,11N,2019-10-21 13:22:05,VID7053-00072.jpg,Human,1,0,,"{'category': '2', 'conf': 0.96, 'bbox': [0, 0.006438, 0.09746, 0.5015]}",0
AST1/IMG_0111.JPG,Mon Oct 21 13:24:30 2019,H01-AST1,392372,3778100,11N,2019-10-21 13:24:30,VID7053-00073.jpg,Empty,0,0,,,0
AST1/IMG_0112.JPG,Mon Oct 21 13:27:29 2019,H01-AST1,392372,3778100,11N,2019-10-21 13:27:29,VID7053-00074.jpg,Empty,0,0,,,0
AST1/IMG_0113.JPG,Mon Oct 21 13:32:51 2019,H01-AST1,392372,3778100,11N,2019-10-21 13:32:51,VID7053-00075.jpg,Empty,0,0,,,0
AST1/IMG_0115.JPG,Mon Oct 21 14:01:24 2019,H01-AST1,392372,3778100,11N,2019-10-21 14:01:24,VID7053-00076.jpg,Empty,0,0,,,0
AST1/IMG_0122.JPG,Mon Oct 21 14:40:56 2019,H01-AST1,392372,3778100,11N,2019-10-21 14:40:56,VID7053-00077.jpg,Rabbit (cannot ID),1,1,"{'category': '1', 'conf': 0.965, 'bbox': [0.2123, 0.4917, 0.07466, 0.08333]}","{'category': '1', 'conf': 0.477, 'bbox': [0.2392, 0.4961, 0.04849, 0.07579]}{'category': '1', 'conf': 0.385, 'bbox': [0.2112, 0.4974, 0.02603, 0.05802]}",0.965
AST1/IMG_0123.JPG,Mon Oct 21 17:36:49 2019,H01-AST1,392372,3778100,11N,2019-10-21 17:36:49,VID7053-00078.jpg,Rabbit (cannot ID),1,1,"{'category': '1', 'conf': 0.995, 'bbox': [0.3908, 0.4729, 0.0519, 0.05973]}",,0.995
AST1/IMG_0124.JPG,Mon Oct 21 18:29:54 2019,H01-AST1,392372,3778100,11N,2019-10-21 18:29:54,VID7053-00079.jpg,Rabbit (cannot ID),1,1,"{'category': '1', 'conf': 0.907, 'bbox': [0.4564, 0.4949, 0.05192, 0.07092]}",,0.907
AST1/IMG_0125.JPG,Mon Oct 21 18:54:18 2019,H01-AST1,392372,3778100,11N,2019-10-21 18:54:18,VID7053-00080.jpg,Empty,0,0,,,0
AST1/IMG_0126.JPG,Mon Oct 21 19:19:53 2019,H01-AST1,392372,3778100,11N,2019-10-21 19:19:53,VID7053-00081.jpg,Unknown,1,0,,,0
AST1/IMG_0127.JPG,Mon Oct 21 21:51:42 2019,H01-AST1,392372,3778100,11N,2019-10-21 21:51:42,VID7053-00082.jpg,Coyote,1,1,"{'category': '1', 'conf': 0.99, 'bbox': [0.0005831, 0.59, 0.06287, 0.3625]}",,0.99
AST1/IMG_0128.JPG,Mon Oct 21 21:53:48 2019,H01-AST1,392372,3778100,11N,2019-10-21 21:53:48,VID7053-00083.jpg,Coyote,1,1,"{'category': '1', 'conf': 0.999, 'bbox': [0, 0.503, 0.2759, 0.437]}",,0.999
AST1/IMG_0129.JPG,Mon Oct 21 23:50:07 2019,H01-AST1,392372,3778100,11N,2019-10-21 23:50:07,VID7053-00084.jpg,Coyote,1,1,"{'category': '1', 'conf': 0.999, 'bbox': [0.3485, 0.4928, 0.1835, 0.3448]}",,0.999
AST1/IMG_0130.JPG,Mon Oct 21 23:50:40 2019,H01-AST1,392372,3778100,11N,2019-10-21 23:50:40,VID7053-00085.jpg,Coyote,1,1,"{'category': '1', 'conf': 0.998, 'bbox': [0.3664, 0.4137, 0.06884, 0.1525]}",,0.998
AST1/IMG_0131.JPG,Mon Oct 21 23:59:51 2019,H01-AST1,392372,3778100,11N,2019-10-21 23:59:51,VID7053-00086.jpg,Coyote,1,1,"{'category': '1', 'conf': 0.999, 'bbox': [0.0004398, 0.4773, 0.1551, 0.3523]}",,0.999
AST1/IMG_0132.JPG,Tue Oct 22 04:02:54 2019,H01-AST1,392372,3778100,11N,2019-10-22 04:02:54,VID7053-00087.jpg,Rabbit (cannot ID),1,1,"{'category': '1', 'conf': 0.959, 'bbox': [0.4005, 0.5414, 0.04777, 0.08944]}","{'category': '1', 'conf': 0.559, 'bbox': [0.4019, 0.5452, 0.03143, 0.07181]}{'category': '1', 'conf': 0.296, 'bbox': [0.4002, 0.5407, 0.0862, 0.1031]}",0.959
AST1/IMG_0133.JPG,Tue Oct 22 04:05:55 2019,H01-AST1,392372,3778100,11N,2019-10-22 04:05:55,VID7053-00088.jpg,Unknown,1,0,,"{'category': '1', 'conf': 0.643, 'bbox': [0.5864, 0.6547, 0.05687, 0.08786]}{'category': '1', 'conf': 0.103, 'bbox': [0.6255, 0.7003, 0.02178, 0.02775]}",0.643
AST1/IMG_0134.JPG,Tue Oct 22 08:26:53 2019,H01-AST1,392372,3778100,11N,2019-10-22 08:26:53,VID7053-00089.jpg,Human,1,0,,"{'category': '2', 'conf': 0.999, 'bbox': [0.7043, 0.001363, 0.292, 0.9578]}",0
AST1/IMG_0135.JPG,Tue Oct 22 09:36:01 2019,H01-AST1,392372,3778100,11N,2019-10-22 09:36:01,VID7053-00090.jpg,Human,1,0,,"{'category': '2', 'conf': 0.997, 'bbox': [0.07943, 0, 0.1448, 0.5668]}",0
AST1/IMG_0136.JPG,Tue Oct 22 10:45:32 2019,H01-AST1,392372,3778100,11N,2019-10-22 10:45:32,VID7053-00091.jpg,Empty,0,0,,,0
AST1/IMG_0137.JPG,Tue Oct 22 13:04:23 2019,H01-AST1,392372,3778100,11N,2019-10-22 13:04:23,VID7053-00092.jpg,Empty,0,0,,,0
AST1/IMG_0138.JPG,Tue Oct 22 13:39:48 2019,H01-AST1,392372,3778100,11N,2019-10-22 13:39:48,VID7053-00093.jpg,Empty,0,0,,,0
AST1/IMG_0139.JPG,Tue Oct 22 18:17:51 2019,H01-AST1,392372,3778100,11N,2019-10-22 18:17:51,VID7053-00094.jpg,Rabbit (cannot ID),1,1,"{'category': '1', 'conf': 0.993, 'bbox': [0.3422, 0.4721, 0.02775, 0.06553]}","{'category': '1', 'conf': 0.14, 'bbox': [0.2916, 0.5118, 0.02851, 0.03618]}",0.993
AST1/IMG_0140.JPG,Tue Oct 22 20:58:38 2019,H01-AST1,392372,3778100,11N,2019-10-22 20:58:38,VID7053-00095.jpg,Rabbit (cannot ID),1,0,,"{'category': '1', 'conf': 0.706, 'bbox': [0.3578, 0.4658, 0.03443, 0.0477]}{'category': '1', 'conf': 0.214, 'bbox': [0.2929, 0.5125, 0.0269, 0.03097]}{'category': '1', 'conf': 0.129, 'bbox': [0.3603, 0.4684, 0.02697, 0.03537]}",0.706
AST1/IMG_0141.JPG,Tue Oct 22 21:02:19 2019,H01-AST1,392372,3778100,11N,2019-10-22 21:02:19,VID7053-00096.jpg,Unknown,1,0,,"{'category': '1', 'conf': 0.156, 'bbox': [0.4913, 0.4929, 0.01556, 0.02791]}{'category': '1', 'conf': 0.139, 'bbox': [0.4355, 0.4828, 0.06948, 0.08721]}{'category': '1', 'conf': 0.102, 'bbox': [0.4835, 0.4902, 0.02208, 0.03642]}",0.156
AST1/IMG_0142.JPG,Tue Oct 22 22:05:21 2019,H01-AST1,392372,3778100,11N,2019-10-22 22:05:21,VID7053-00097.jpg,Empty,0,1,"{'category': '1', 'conf': 0.971, 'bbox': [0.5196, 0.6201, 0.05793, 0.07513]}","{'category': '1', 'conf': 0.116, 'bbox': [0.5362, 0.6218, 0.04023, 0.06464]}{'category': '1', 'conf': 0.113, 'bbox': [0.495, 0.6171, 0.0858, 0.09289]}",0.971
AST1/IMG_0143.JPG,Tue Oct 22 22:09:12 2019,H01-AST1,392372,3778100,11N,2019-10-22 22:09:12,VID7053-00098.jpg,Empty,0,0,,"{'category': '1', 'conf': 0.638, 'bbox': [0.2921, 0.514, 0.02579, 0.02785]}",0.638
AST1/IMG_0144.JPG,Tue Oct 22 23:05:30 2019,H01-AST1,392372,3778100,11N,2019-10-22 23:05:30,VID7053-00099.jpg,Empty,0,0,,"{'category': '1', 'conf': 0.156, 'bbox': [0.2916, 0.5124, 0.02786, 0.03131]}",0.156
AST1/IMG_0145.JPG,Tue Oct 22 23:39:36 2019,H01-AST1,392372,3778100,11N,2019-10-22 23:39:36,VID7053-00100.jpg,Empty,0,0,,"{'category': '1', 'conf': 0.417, 'bbox': [0.2917, 0.5122, 0.02801, 0.02954]}",0.417
AST1/IMG_0146.JPG,Wed Oct 23 02:20:41 2019,H01-AST1,392372,3778100,11N,2019-10-23 02:20:41,VID7053-00101.jpg,Rabbit (cannot ID),1,0,,"{'category': '1', 'conf': 0.22, 'bbox': [0.2949, 0.4402, 0.03218, 0.05046]}{'category': '1', 'conf': 0.177, 'bbox': [0.2927, 0.4413, 0.01493, 0.03369]}{'category': '1', 'conf': 0.145, 'bbox': [0.295, 0.4373, 0.02918, 0.0361]}{'category': '1', 'conf': 0.122, 'bbox': [0.2903, 0.509, 0.02894, 0.03397]}{'category': '1', 'conf': 0.105, 'bbox': [0.2945, 0.4386, 0.018, 0.03146]}",0.22
AST1/IMG_0147.JPG,Wed Oct 23 06:10:54 2019,H01-AST1,392372,3778100,11N,2019-10-23 06:10:54,VID7053-00102.jpg,small mammal (cannot ID),1,0,,"{'category': '1', 'conf': 0.258, 'bbox': [0.2913, 0.5118, 0.02647, 0.03155]}",0.258
AST1/IMG_0148.JPG,Wed Oct 23 07:40:48 2019,H01-AST1,392372,3778100,11N,2019-10-23 07:40:48,VID7053-00103.jpg,Coyote,1,1,"{'category': '1', 'conf': 0.999, 'bbox': [0.0009108, 0.4818, 0.2791, 0.3267]}",,0.999
AST1/IMG_0149.JPG,Wed Oct 23 07:48:31 2019,H01-AST1,392372,3778100,11N,2019-10-23 07:48:31,VID7053-00104.jpg,Coyote,1,1,"{'category': '1', 'conf': 0.999, 'bbox': [0.4218, 0.4341, 0.05164, 0.174]}",,0.999
AST1/IMG_0150.JPG,Wed Oct 23 11:04:51 2019,H01-AST1,392372,3778100,11N,2019-10-23 11:04:51,VID7053-00105.jpg,Empty,0,0,,,0
AST1/IMG_0151.JPG,Wed Oct 23 15:49:32 2019,H01-AST1,392372,3778100,11N,2019-10-23 15:49:32,VID7053-00106.jpg,Bobcat,1,1,"{'category': '1', 'conf': 0.999, 'bbox': [0.5121, 0.5238, 0.1227, 0.1724]}",,0.999
AST1/IMG_0152.JPG,Wed Oct 23 18:56:23 2019,H01-AST1,392372,3778100,11N,2019-10-23 18:56:23,VID7053-00107.jpg,small mammal (cannot ID),1,0,,"{'category': '1', 'conf': 0.24, 'bbox': [0.4025, 0.4425, 0.04149, 0.04978]}{'category': '1', 'conf': 0.19, 'bbox': [0.4013, 0.4439, 0.01721, 0.0359]}{'category': '1', 'conf': 0.159, 'bbox': [0.4042, 0.4459, 0.01259, 0.0274]}{'category': '1', 'conf': 0.123, 'bbox': [0.4011, 0.4446, 0.01324, 0.02693]}{'category': '1', 'conf': 0.112, 'bbox': [0.4071, 0.4464, 0.01173, 0.03181]}",0.24
AST1/IMG_0153.JPG,Wed Oct 23 21:09:13 2019,H01-AST1,392372,3778100,11N,2019-10-23 21:09:13,VID7053-00108.jpg,Rabbit (cannot ID),1,0,,"{'category': '1', 'conf': 0.788, 'bbox': [0.3527, 0.4734, 0.04732, 0.06574]}{'category': '1', 'conf': 0.152, 'bbox': [0.2928, 0.5145, 0.02467, 0.02827]}",0.788
AST1/IMG_0154.JPG,Wed Oct 23 22:56:27 2019,H01-AST1,392372,3778100,11N,2019-10-23 22:56:27,VID7053-00109.jpg,Rabbit (cannot ID),1,2,"{'category': '1', 'conf': 0.963, 'bbox': [0.2579, 0.4334, 0.07237, 0.0695]}{'category': '1', 'conf': 0.878, 'bbox': [0.2582, 0.4043, 0.08663, 0.09877]}",,0.963
AST1/IMG_0155.JPG,Wed Oct 23 23:02:06 2019,H01-AST1,392372,3778100,11N,2019-10-23 23:02:06,VID7053-00110.jpg,Coyote,1,1,"{'category': '1', 'conf': 0.999, 'bbox': [0.0004515, 0.5236, 0.1171, 0.4377]}",,0.999
AST1/IMG_0156.JPG,Wed Oct 23 23:38:42 2019,H01-AST1,392372,3778100,11N,2019-10-23 23:38:42,VID7053-00111.jpg,Empty,0,0,,"{'category': '1', 'conf': 0.109, 'bbox': [0.2915, 0.5142, 0.02494, 0.02891]}",0.109
AST1/IMG_0157.JPG,Wed Oct 23 23:47:14 2019,H01-AST1,392372,3778100,11N,2019-10-23 23:47:14,VID7053-00112.jpg,Coyote,1,1,"{'category': '1', 'conf': 0.997, 'bbox': [0.3465, 0.3694, 0.05537, 0.1818]}","{'category': '1', 'conf': 0.111, 'bbox': [0.3198, 0.3717, 0.09087, 0.1713]}",0.997
AST1/IMG_0158.JPG,Wed Oct 23 23:53:36 2019,H01-AST1,392372,3778100,11N,2019-10-23 23:53:36,VID7053-00113.jpg,Empty,0,0,,,0
AST1/IMG_0159.JPG,Thu Oct 24 05:03:17 2019,H01-AST1,392372,3778100,11N,2019-10-24 05:03:17,VID7053-00114.jpg,Empty,0,0,,,0
AST1/IMG_0160.JPG,Thu Oct 24 05:11:16 2019,H01-AST1,392372,3778100,11N,2019-10-24 05:11:16,VID7053-00115.jpg,small mammal (cannot ID),1,1,"{'category': '1', 'conf': 0.993, 'bbox': [0.3241, 0.4692, 0.06048, 0.06582]}","{'category': '1', 'conf': 0.274, 'bbox': [0.292, 0.5129, 0.02573, 0.03001]}",0.993
AST1/IMG_0161.JPG,Thu Oct 24 06:08:51 2019,H01-AST1,392372,3778100,11N,2019-10-24 06:08:51,VID7053-00116.jpg,Empty,0,0,,,0
AST1/IMG_0162.JPG,Thu Oct 24 06:10:28 2019,H01-AST1,392372,3778100,11N,2019-10-24 06:10:28,VID7053-00117.jpg,Unknown,1,0,,"{'category': '1', 'conf': 0.261, 'bbox': [0.4067, 0.6034, 0.01696, 0.02584]}",0.261
AST1/IMG_0163.JPG,Thu Oct 24 06:17:43 2019,H01-AST1,392372,3778100,11N,2019-10-24 06:17:43,VID7053-00118.jpg,Empty,0,0,,"{'category': '1', 'conf': 0.48, 'bbox': [0.291, 0.5154, 0.02514, 0.02727]}",0.48
AST1/IMG_0164.JPG,Thu Oct 24 07:09:22 2019,H01-AST1,392372,3778100,11N,2019-10-24 07:09:22,VID7053-00119.jpg,Coyote,1,1,"{'category': '1', 'conf': 0.999, 'bbox': [0.3642, 0.4013, 0.1116, 0.1219]}",,0.999
AST1/IMG_0165.JPG,Thu Oct 24 07:49:50 2019,H01-AST1,392372,3778100,11N,2019-10-24 07:49:50,VID7053-00120.jpg,Domestic dog,1,1,"{'category': '1', 'conf': 0.999, 'bbox': [0.501, 0.345, 0.08177, 0.1453]}","{'category': '1', 'conf': 0.779, 'bbox': [0.7752, 0.6889, 0.09264, 0.1472]}",0.999
AST1/IMG_0166.JPG,Thu Oct 24 10:55:19 2019,H01-AST1,392372,3778100,11N,2019-10-24 10:55:19,VID7053-00121.jpg,Empty,0,0,,,0
AST1/IMG_0167.JPG,Thu Oct 24 12:41:59 2019,H01-AST1,392372,3778100,11N,2019-10-24 12:41:59,VID7053-00122.jpg,Empty,0,0,,,0
AST1/IMG_0168.JPG,Thu Oct 24 20:03:33 2019,H01-AST1,392372,3778100,11N,2019-10-24 20:03:33,VID7053-00123.jpg,Coyote,1,1,"{'category': '1', 'conf': 0.999, 'bbox': [0.4858, 0.46, 0.1188, 0.2112]}",,0.999
AST1/IMG_0169.JPG,Thu Oct 24 20:46:39 2019,H01-AST1,392372,3778100,11N,2019-10-24 20:46:39,VID7053-00124.jpg,Coyote,1,1,"{'category': '1', 'conf': 0.999, 'bbox': [0, 0.5439, 0.1709, 0.3491]}",,0.999
AST1/IMG_0170.JPG,Thu Oct 24 21:49:58 2019,H01-AST1,392372,3778100,11N,2019-10-24 21:49:58,VID7053-00125.jpg,Empty,0,0,,,0
AST1/IMG_0171.JPG,Thu Oct 24 22:30:31 2019,H01-AST1,392372,3778100,11N,2019-10-24 22:30:31,VID7053-00126.jpg,Coyote,1,1,"{'category': '1', 'conf': 0.999, 'bbox': [0.5046, 0.5087, 0.1737, 0.2279]}",,0.999
AST1/IMG_0173.JPG,Fri Oct 25 02:10:45 2019,H01-AST1,392372,3778100,11N,2019-10-25 02:10:45,VID7053-00128.jpg,Coyote,1,1,"{'category': '1', 'conf': 0.968, 'bbox': [0.03989, 0.3642, 0.1332, 0.1561]}",,0.968
AST1/IMG_0174.JPG,Fri Oct 25 02:51:00 2019,H01-AST1,392372,3778100,11N,2019-10-25 02:51:00,VID7053-00129.jpg,small mammal (cannot ID),1,0,,"{'category': '1', 'conf': 0.11, 'bbox': [0.2302, 0.4883, 0.02595, 0.01861]}",0.11
AST1/IMG_0175.JPG,Fri Oct 25 04:13:45 2019,H01-AST1,392372,3778100,11N,2019-10-25 04:13:45,VID7053-00130.jpg,Rabbit (cannot ID),1,0,,,0
AST1/IMG_0176.JPG,Fri Oct 25 04:20:36 2019,H01-AST1,392372,3778100,11N,2019-10-25 04:20:36,VID7053-00131.jpg,Unknown,1,0,,"{'category': '1', 'conf': 0.314, 'bbox': [0.4383, 0.4229, 0.07671, 0.07735]}{'category': '1', 'conf': 0.206, 'bbox': [0.4407, 0.442, 0.01698, 0.03416]}{'category': '1', 'conf': 0.191, 'bbox': [0.4419, 0.4371, 0.02522, 0.03992]}{'category': '1', 'conf': 0.158, 'bbox': [0.4292, 0.4416, 0.02856, 0.04166]}{'category': '1', 'conf': 0.112, 'bbox': [0.4369, 0.4325, 0.03751, 0.05129]}{'category': '1', 'conf': 0.107, 'bbox': [0.4409, 0.4292, 0.05934, 0.05977]}{'category': '1', 'conf': 0.102, 'bbox': [0.439, 0.4417, 0.02413, 0.04206]}{'category': '1', 'conf': 0.101, 'bbox': [0.4229, 0.4366, 0.04295, 0.05549]}",0.314
AST1/IMG_0177.JPG,Fri Oct 25 04:58:29 2019,H01-AST1,392372,3778100,11N,2019-10-25 04:58:29,VID7053-00132.jpg,small mammal (cannot ID),1,0,,"{'category': '1', 'conf': 0.275, 'bbox': [0.2303, 0.4888, 0.02372, 0.01584]}",0.275
AST1/IMG_0178.JPG,Fri Oct 25 06:14:19 2019,H01-AST1,392372,3778100,11N,2019-10-25 06:14:19,VID7053-00133.jpg,small mammal (cannot ID),1,1,"{'category': '1', 'conf': 0.983, 'bbox': [0.2541, 0.4242, 0.04175, 0.06024]}",,0.983
AST1/IMG_0179.JPG,Fri Oct 25 11:00:36 2019,H01-AST1,392372,3778100,11N,2019-10-25 11:00:36,VID7053-00134.jpg,Empty,0,0,,,0
AST1/IMG_0180.JPG,Fri Oct 25 12:11:03 2019,H01-AST1,392372,3778100,11N,2019-10-25 12:11:03,VID7053-00135.jpg,Empty,0,0,,,0
AST1/IMG_0181.JPG,Fri Oct 25 12:32:35 2019,H01-AST1,392372,3778100,11N,2019-10-25 12:32:35,VID7053-00136.jpg,Empty,0,0,,,0
AST1/IMG_0182.JPG,Fri Oct 25 13:13:32 2019,H01-AST1,392372,3778100,11N,2019-10-25 13:13:32,VID7053-00137.jpg,Empty,0,0,,,0
AST1/IMG_0183.JPG,Fri Oct 25 13:22:38 2019,H01-AST1,392372,3778100,11N,2019-10-25 13:22:38,VID7053-00138.jpg,Empty,0,0,,,0
AST1/IMG_0184.JPG,Fri Oct 25 14:26:13 2019,H01-AST1,392372,3778100,11N,2019-10-25 14:26:13,VID7053-00139.jpg,Empty,0,0,,,0
AST1/IMG_0185.JPG,Fri Oct 25 15:43:51 2019,H01-AST1,392372,3778100,11N,2019-10-25 15:43:51,VID7053-00140.jpg,Empty,0,0,,,0
AST1/IMG_0186.JPG,Fri Oct 25 16:54:25 2019,H01-AST1,392372,3778100,11N,2019-10-25 16:54:25,VID7053-00141.jpg,Empty,0,0,,"{'category': '1', 'conf': 0.657, 'bbox': [0.284, 0.4307, 0.0392, 0.06041]}",0.657
AST1/IMG_0187.JPG,Fri Oct 25 20:46:10 2019,H01-AST1,392372,3778100,11N,2019-10-25 20:46:10,VID7053-00142.jpg,small mammal (cannot ID),1,1,"{'category': '1', 'conf': 0.943, 'bbox': [0.3418, 0.4754, 0.02453, 0.04465]}","{'category': '1', 'conf': 0.452, 'bbox': [0.3404, 0.4728, 0.03943, 0.04932]}{'category': '1', 'conf': 0.36, 'bbox': [0.3075, 0.4764, 0.05362, 0.06429]}{'category': '1', 'conf': 0.323, 'bbox': [0.3084, 0.5129, 0.03262, 0.02857]}{'category': '1', 'conf': 0.161, 'bbox': [0.3395, 0.4788, 0.02404, 0.05694]}{'category': '1', 'conf': 0.122, 'bbox': [0.34, 0.4711, 0.06024, 0.06241]}",0.943
AST1/IMG_0188.JPG,Fri Oct 25 21:29:39 2019,H01-AST1,392372,3778100,11N,2019-10-25 21:29:39,VID7053-00143.jpg,Rabbit (cannot ID),1,1,"{'category': '1', 'conf': 0.995, 'bbox': [0.3581, 0.4932, 0.05234, 0.08974]}",,0.995
AST1/IMG_0189.JPG,Fri Oct 25 22:11:18 2019,H01-AST1,392372,3778100,11N,2019-10-25 22:11:18,VID7053-00144.jpg,Coyote,1,1,"{'category': '1', 'conf': 0.999, 'bbox': [0.488, 0.4321, 0.1891, 0.2827]}",,0.999
AST1/IMG_0190.JPG,Sat Oct 26 02:10:33 2019,H01-AST1,392372,3778100,11N,2019-10-26 02:10:33,VID7053-00145.jpg,Empty,0,0,,,0
AST1/IMG_0191.JPG,Sat Oct 26 02:26:57 2019,H01-AST1,392372,3778100,11N,2019-10-26 02:26:57,VID7053-00146.jpg,small mammal (cannot ID),2,1,"{'category': '1', 'conf': 0.993, 'bbox': [0.3022, 0.4804, 0.05368, 0.06088]}",,0.993
AST1/IMG_0192.JPG,Sat Oct 26 02:36:03 2019,H01-AST1,392372,3778100,11N,2019-10-26 02:36:03,VID7053-00147.jpg,small mammal (cannot ID),1,1,"{'category': '1', 'conf': 0.994, 'bbox': [0.3525, 0.4988, 0.04004, 0.05159]}","{'category': '1', 'conf': 0.177, 'bbox': [0.3312, 0.4961, 0.05819, 0.05322]}{'category': '1', 'conf': 0.142, 'bbox': [0.309, 0.5124, 0.02925, 0.0326]}",0.994
AST1/IMG_0193.JPG,Sat Oct 26 02:47:17 2019,H01-AST1,392372,3778100,11N,2019-10-26 02:47:17,VID7053-00148.jpg,Unknown,1,0,,"{'category': '1', 'conf': 0.139, 'bbox': [0.3086, 0.5107, 0.03015, 0.03137]}{'category': '1', 'conf': 0.131, 'bbox': [0.3838, 0.4345, 0.01153, 0.02291]}",0.139
AST1/IMG_0194.JPG,Sat Oct 26 02:50:02 2019,H01-AST1,392372,3778100,11N,2019-10-26 02:50:02,VID7053-00149.jpg,Unknown,1,0,,"{'category': '1', 'conf': 0.214, 'bbox': [0.5407, 0.5094, 0.03481, 0.05497]}{'category': '1', 'conf': 0.159, 'bbox': [0.5429, 0.5127, 0.02836, 0.03995]}",0.214
AST1/IMG_0195.JPG,Sat Oct 26 04:32:41 2019,H01-AST1,392372,3778100,11N,2019-10-26 04:32:41,VID7053-00150.jpg,Empty,0,0,,,0
AST1/IMG_0196.JPG,Sat Oct 26 05:37:19 2019,H01-AST1,392372,3778100,11N,2019-10-26 05:37:19,VID7053-00151.jpg,Coyote,1,1,"{'category': '1', 'conf': 0.999, 'bbox': [0.5089, 0.4913, 0.1799, 0.2449]}",,0.999
AST1/IMG_0197.JPG,Sat Oct 26 06:48:57 2019,H01-AST1,392372,3778100,11N,2019-10-26 06:48:57,VID7053-00152.jpg,Rabbit (cannot ID),1,1,"{'category': '1', 'conf': 0.981, 'bbox': [0.4648, 0.5082, 0.04357, 0.05642]}","{'category': '1', 'conf': 0.663, 'bbox': [0.4463, 0.5027, 0.06381, 0.06555]}{'category': '1', 'conf': 0.3, 'bbox': [0.5035, 0.4622, 0.01498, 0.03347]}",0.981
AST1/IMG_0198.JPG,Sat Oct 26 06:49:35 2019,H01-AST1,392372,3778100,11N,2019-10-26 06:49:35,VID7053-00153.jpg,Empty,0,0,,"{'category': '1', 'conf': 0.496, 'bbox': [0.5155, 0.4985, 0.02489, 0.05576]}{'category': '1', 'conf': 0.138, 'bbox': [0.6734, 0.6519, 0.01537, 0.01679]}",0.496
AST1/IMG_0199.JPG,Sat Oct 26 11:23:41 2019,H01-AST1,392372,3778100,11N,2019-10-26 11:23:41,VID7053-00154.jpg,Empty,0,0,,,0
AST1/IMG_0200.JPG,Sat Oct 26 11:58:48 2019,H01-AST1,392372,3778100,11N,2019-10-26 11:58:48,VID7053-00155.jpg,Rabbit (cannot ID),1,0,,,0
AST1/IMG_0201.JPG,Sat Oct 26 13:01:49 2019,H01-AST1,392372,3778100,11N,2019-10-26 13:01:49,VID7053-00156.jpg,Empty,0,0,,,0
AST1/IMG_0202.JPG,Sat Oct 26 13:37:01 2019,H01-AST1,392372,3778100,11N,2019-10-26 13:37:01,VID7053-00157.jpg,Empty,0,0,,,0
AST1/IMG_0203.JPG,Sat Oct 26 14:45:09 2019,H01-AST1,392372,3778100,11N,2019-10-26 14:45:09,VID7053-00158.jpg,Empty,0,0,,,0
AST1/IMG_0204.JPG,Sat Oct 26 14:46:21 2019,H01-AST1,392372,3778100,11N,2019-10-26 14:46:21,VID7053-00159.jpg,Empty,0,0,,,0
AST1/IMG_0205.JPG,Sat Oct 26 21:37:07 2019,H01-AST1,392372,3778100,11N,2019-10-26 21:37:07,VID7053-00160.jpg,Coyote,1,1,"{'category': '1', 'conf': 0.999, 'bbox': [0.0006796, 0.4667, 0.1302, 0.3163]}",,0.999
AST1/IMG_0206.JPG,Sat Oct 26 21:41:47 2019,H01-AST1,392372,3778100,11N,2019-10-26 21:41:47,VID7053-00161.jpg,Empty,0,0,,"{'category': '1', 'conf': 0.203, 'bbox': [0.2164, 0.4768, 0.02932, 0.02697]}",0.203
AST1/IMG_0207.JPG,Sat Oct 26 21:43:37 2019,H01-AST1,392372,3778100,11N,2019-10-26 21:43:37,VID7053-00162.jpg,Coyote,1,1,"{'category': '1', 'conf': 0.999, 'bbox': [0.5036, 0.4332, 0.1267, 0.19]}",,0.999
AST1/IMG_0208.JPG,Sun Oct 27 01:27:47 2019,H01-AST1,392372,3778100,11N,2019-10-27 01:27:47,VID7053-00163.jpg,Coyote,1,1,"{'category': '1', 'conf': 0.999, 'bbox': [0.3983, 0.4169, 0.04679, 0.1428]}",,0.999
AST1/IMG_0209.JPG,Sun Oct 27 03:47:39 2019,H01-AST1,392372,3778100,11N,2019-10-27 03:47:39,VID7053-00164.jpg,Coyote,1,0,,"{'category': '1', 'conf': 0.299, 'bbox': [0.3336, 0.3368, 0.03994, 0.06047]}{'category': '1', 'conf': 0.159, 'bbox': [0.3437, 0.3418, 0.03071, 0.04847]}{'category': '1', 'conf': 0.157, 'bbox': [0.2183, 0.4769, 0.02638, 0.02222]}{'category': '1', 'conf': 0.125, 'bbox': [0.3542, 0.3448, 0.0203, 0.037]}",0.299
AST1/IMG_0210.JPG,Sun Oct 27 06:32:01 2019,H01-AST1,392372,3778100,11N,2019-10-27 06:32:01,VID7053-00165.jpg,Coyote,1,1,"{'category': '1', 'conf': 0.999, 'bbox': [0.4043, 0.3737, 0.08255, 0.2485]}",,0.999
AST1/IMG_0211.JPG,Sun Oct 27 06:32:43 2019,H01-AST1,392372,3778100,11N,2019-10-27 06:32:43,VID7053-00166.jpg,Coyote,1,1,"{'category': '1', 'conf': 0.999, 'bbox': [0.0008959, 0.4814, 0.1554, 0.4212]}",,0.999
AST1/IMG_0212.JPG,Sun Oct 27 07:27:38 2019,H01-AST1,392372,3778100,11N,2019-10-27 07:27:38,VID7053-00167.jpg,Coyote,1,1,"{'category': '1', 'conf': 0.997, 'bbox': [0.43, 0.4137, 0.06658, 0.1852]}","{'category': '1', 'conf': 0.103, 'bbox': [0.4374, 0.4113, 0.06359, 0.08678]}",0.997
AST1/IMG_0213.JPG,Sun Oct 27 08:29:44 2019,H01-AST1,392372,3778100,11N,2019-10-27 08:29:44,VID7053-00168.jpg,Coyote,1,1,"{'category': '1', 'conf': 0.998, 'bbox': [0.4407, 0.5059, 0.09948, 0.4537]}",,0.998
AST1/IMG_0214.JPG,Sun Oct 27 09:21:51 2019,H01-AST1,392372,3778100,11N,2019-10-27 09:21:51,VID7053-00169.jpg,Coyote,1,1,"{'category': '1', 'conf': 0.992, 'bbox': [0.0006027, 0.3691, 0.05495, 0.1831]}","{'category': '1', 'conf': 0.285, 'bbox': [0.3765, 0.3065, 0.02525, 0.03721]}{'category': '1', 'conf': 0.162, 'bbox': [0.7806, 0.693, 0.08362, 0.1441]}",0.992
AST1/IMG_0215.JPG,Sun Oct 27 11:11:15 2019,H01-AST1,392372,3778100,11N,2019-10-27 11:11:15,VID7053-00170.jpg,Empty,0,0,,,0
AST1/IMG_0216.JPG,Sun Oct 27 11:20:56 2019,H01-AST1,392372,3778100,11N,2019-10-27 11:20:56,VID7053-00171.jpg,Empty,0,0,,,0
AST1/IMG_0217.JPG,Sun Oct 27 12:34:54 2019,H01-AST1,392372,3778100,11N,2019-10-27 12:34:54,VID7053-00172.jpg,Empty,0,0,,"{'category': '1', 'conf': 0.109, 'bbox': [0.2374, 0.3593, 0.01549, 0.05145]}",0.109
AST1/IMG_0218.JPG,Sun Oct 27 12:51:46 2019,H01-AST1,392372,3778100,11N,2019-10-27 12:51:46,VID7053-00173.jpg,Empty,0,0,,,0
AST1/IMG_0219.JPG,Sun Oct 27 13:30:49 2019,H01-AST1,392372,3778100,11N,2019-10-27 13:30:49,VID7053-00174.jpg,Empty,0,0,,,0
AST1/IMG_0220.JPG,Sun Oct 27 21:18:21 2019,H01-AST1,392372,3778100,11N,2019-10-27 21:18:21,VID7053-00175.jpg,Empty,0,0,,,0
AST1/IMG_0221.JPG,Sun Oct 27 23:19:27 2019,H01-AST1,392372,3778100,11N,2019-10-27 23:19:27,VID7053-00176.jpg,small mammal (cannot ID),1,0,,"{'category': '1', 'conf': 0.44, 'bbox': [0.5183, 0.5396, 0.05333, 0.06964]}",0.44
AST1/IMG_0222.JPG,Mon Oct 28 00:01:41 2019,H01-AST1,392372,3778100,11N,2019-10-28 00:01:41,VID7053-00177.jpg,Coyote,1,1,"{'category': '1', 'conf': 0.999, 'bbox': [0.5031, 0.4918, 0.155, 0.395]}",,0.999
AST1/IMG_0223.JPG,Mon Oct 28 02:45:36 2019,H01-AST1,392372,3778100,11N,2019-10-28 02:45:36,VID7053-00178.jpg,small mammal (cannot ID),1,0,,"{'category': '1', 'conf': 0.252, 'bbox': [0.2193, 0.9267, 0.04776, 0.02561]}{'category': '1', 'conf': 0.199, 'bbox': [0.6836, 0.6593, 0.05063, 0.06001]}",0.252
AST1/IMG_0224.JPG,Mon Oct 28 11:57:57 2019,H01-AST1,392372,3778100,11N,2019-10-28 11:57:57,VID7053-00179.jpg,Empty,0,0,,,0
AST1/IMG_0225.JPG,Mon Oct 28 12:00:29 2019,H01-AST1,392372,3778100,11N,2019-10-28 12:00:29,VID7053-00180.jpg,Empty,0,0,,,0
AST1/IMG_0226.JPG,Mon Oct 28 13:09:23 2019,H01-AST1,392372,3778100,11N,2019-10-28 13:09:23,VID7053-00181.jpg,Empty,0,0,,,0
AST1/IMG_0227.JPG,Mon Oct 28 13:29:12 2019,H01-AST1,392372,3778100,11N,2019-10-28 13:29:12,VID7053-00182.jpg,Empty,0,0,,,0
AST1/IMG_0228.JPG,Mon Oct 28 15:02:30 2019,H01-AST1,392372,3778100,11N,2019-10-28 15:02:30,VID7053-00183.jpg,Empty,0,0,,"{'category': '1', 'conf': 0.714, 'bbox': [0.4856, 0.6843, 0.03906, 0.05881]}{'category': '1', 'conf': 0.172, 'bbox': [0.2313, 0.3785, 0.02324, 0.03178]}{'category': '1', 'conf': 0.137, 'bbox': [0.4682, 0.6877, 0.05568, 0.06833]}",0.714
AST1/IMG_0229.JPG,Mon Oct 28 15:29:17 2019,H01-AST1,392372,3778100,11N,2019-10-28 15:29:17,VID7053-00184.jpg,Rabbit (cannot ID),1,1,"{'category': '1', 'conf': 0.991, 'bbox': [0.488, 0.4962, 0.03478, 0.06729]}","{'category': '1', 'conf': 0.616, 'bbox': [0.5516, 0.4535, 0.0314, 0.06464]}",0.991
AST1/IMG_0230.JPG,Mon Oct 28 15:36:35 2019,H01-AST1,392372,3778100,11N,2019-10-28 15:36:35,VID7053-00185.jpg,Empty,0,0,,"{'category': '1', 'conf': 0.132, 'bbox': [0.1788, 0.4408, 0.02802, 0.03616]}",0.132
AST1/IMG_0231.JPG,Mon Oct 28 21:33:25 2019,H01-AST1,392372,3778100,11N,2019-10-28 21:33:25,VID7053-00186.jpg,Empty,0,0,,,0
AST1/IMG_0232.JPG,Mon Oct 28 23:59:46 2019,H01-AST1,392372,3778100,11N,2019-10-28 23:59:46,VID7053-00187.jpg,Empty,0,0,,,0
AST1/IMG_0233.JPG,Tue Oct 29 03:37:59 2019,H01-AST1,392372,3778100,11N,2019-10-29 03:37:59,VID7053-00188.jpg,Coyote,1,1,"{'category': '1', 'conf': 0.999, 'bbox': [0.3779, 0.526, 0.2071, 0.4016]}",,0.999
AST1/IMG_0234.JPG,Tue Oct 29 07:19:24 2019,H01-AST1,392372,3778100,11N,2019-10-29 07:19:24,VID7053-00189.jpg,Coyote,2,2,"{'category': '1', 'conf': 0.976, 'bbox': [0.5044, 0.474, 0.1287, 0.1766]}{'category': '1', 'conf': 0.974, 'bbox': [0.4681, 0.3748, 0.05581, 0.1373]}","{'category': '1', 'conf': 0.769, 'bbox': [0.5026, 0.4741, 0.07233, 0.1169]}{'category': '1', 'conf': 0.237, 'bbox': [0.4587, 0.4553, 0.04073, 0.05663]}{'category': '1', 'conf': 0.114, 'bbox': [0.4461, 0.4563, 0.04138, 0.05191]}",0.976
AST1/IMG_0235.JPG,Tue Oct 29 07:20:10 2019,H01-AST1,392372,3778100,11N,2019-10-29 07:20:10,VID7053-00190.jpg,Coyote,1,1,"{'category': '1', 'conf': 0.999, 'bbox': [0.2796, 0.3786, 0.1598, 0.1587]}",,0.999
AST1/IMG_0236.JPG,Tue Oct 29 07:28:10 2019,H01-AST1,392372,3778100,11N,2019-10-29 07:28:10,VID7053-00191.jpg,Coyote,1,0,,"{'category': '1', 'conf': 0.626, 'bbox': [0.7766, 0.6916, 0.08656, 0.1354]}{'category': '1', 'conf': 0.123, 'bbox': [0.5916, 0.4728, 0.03611, 0.08339]}",0.626
AST1/IMG_0237.JPG,Tue Oct 29 07:46:02 2019,H01-AST1,392372,3778100,11N,2019-10-29 07:46:02,VID7053-00192.jpg,Coyote,1,1,"{'category': '1', 'conf': 0.999, 'bbox': [0.4638, 0.4644, 0.0647, 0.1535]}",,0.999
AST1/IMG_0238.JPG,Tue Oct 29 07:46:43 2019,H01-AST1,392372,3778100,11N,2019-10-29 07:46:43,VID7053-00193.jpg,Coyote,2,1,"{'category': '1', 'conf': 0.997, 'bbox': [0.4499, 0.4308, 0.07324, 0.1364]}","{'category': '1', 'conf': 0.677, 'bbox': [0.3627, 0.3309, 0.02997, 0.09232]}{'category': '1', 'conf': 0.225, 'bbox': [0.3643, 0.3399, 0.01849, 0.08324]}",0.997
AST1/IMG_0239.JPG,Tue Oct 29 07:47:14 2019,H01-AST1,392372,3778100,11N,2019-10-29 07:47:14,VID7053-00194.jpg,Coyote,1,1,"{'category': '1', 'conf': 0.999, 'bbox': [0.3343, 0.5449, 0.1246, 0.414]}",,0.999
AST1/IMG_0240.JPG,Tue Oct 29 07:48:00 2019,H01-AST1,392372,3778100,11N,2019-10-29 07:48:00,VID7053-00195.jpg,Coyote,1,1,"{'category': '1', 'conf': 0.998, 'bbox': [0.4507, 0.4385, 0.07784, 0.2461]}",,0.998
AST1/IMG_0241.JPG,Tue Oct 29 11:26:32 2019,H01-AST1,392372,3778100,11N,2019-10-29 11:26:32,VID7053-00196.jpg,Empty,0,0,,,0
AST1/IMG_0242.JPG,Tue Oct 29 11:31:54 2019,H01-AST1,392372,3778100,11N,2019-10-29 11:31:54,VID7053-00197.jpg,Empty,0,0,,"{'category': '1', 'conf': 0.708, 'bbox': [0.549, 0.4416, 0.03825, 0.06445]}",0.708
AST1/IMG_0243.JPG,Tue Oct 29 12:24:01 2019,H01-AST1,392372,3778100,11N,2019-10-29 12:24:01,VID7053-00198.jpg,Empty,0,0,,"{'category': '1', 'conf': 0.193, 'bbox': [0.07844, 0.8901, 0.06194, 0.06167]}{'category': '1', 'conf': 0.115, 'bbox': [0.1785, 0.4384, 0.01827, 0.03796]}",0.193
AST1/IMG_0244.JPG,Tue Oct 29 12:37:57 2019,H01-AST1,392372,3778100,11N,2019-10-29 12:37:57,VID7053-00199.jpg,Empty,0,0,,,0
AST1/IMG_0245.JPG,Tue Oct 29 12:58:16 2019,H01-AST1,392372,3778100,11N,2019-10-29 12:58:16,VID7053-00200.jpg,Empty,0,0,,,0
AST1/IMG_0246.JPG,Tue Oct 29 13:19:01 2019,H01-AST1,392372,3778100,11N,2019-10-29 13:19:01,VID7053-00201.jpg,Empty,0,0,,,0
AST1/IMG_0247.JPG,Tue Oct 29 15:20:51 2019,H01-AST1,392372,3778100,11N,2019-10-29 15:20:51,VID7053-00202.jpg,Rabbit (cannot ID),1,1,"{'category': '1', 'conf': 0.993, 'bbox': [0.5199, 0.5077, 0.0421, 0.08396]}","{'category': '1', 'conf': 0.298, 'bbox': [0.1769, 0.4342, 0.02911, 0.04738]}{'category': '1', 'conf': 0.129, 'bbox': [0.552, 0.4491, 0.04427, 0.07226]}",0.993
AST1/IMG_0248.JPG,Tue Oct 29 22:59:18 2019,H01-AST1,392372,3778100,11N,2019-10-29 22:59:18,VID7053-00203.jpg,Empty,0,0,,,0
AST1/IMG_0249.JPG,Tue Oct 29 23:07:59 2019,H01-AST1,392372,3778100,11N,2019-10-29 23:07:59,VID7053-00204.jpg,Coyote,1,1,"{'category': '1', 'conf': 0.999, 'bbox': [0.2735, 0.5069, 0.2776, 0.3797]}",,0.999
AST1/IMG_0250.JPG,Tue Oct 29 23:08:32 2019,H01-AST1,392372,3778100,11N,2019-10-29 23:08:32,VID7053-00205.jpg,Empty,0,0,,,0
AST1/IMG_0251.JPG,Tue Oct 29 23:10:58 2019,H01-AST1,392372,3778100,11N,2019-10-29 23:10:58,VID7053-00206.jpg,Coyote,1,1,"{'category': '1', 'conf': 0.997, 'bbox': [0, 0.3521, 0.05166, 0.172]}",,0.997
AST1/IMG_0252.JPG,Wed Oct 30 03:34:35 2019,H01-AST1,392372,3778100,11N,2019-10-30 03:34:35,VID7053-00207.jpg,small mammal (cannot ID),1,1,"{'category': '1', 'conf': 0.987, 'bbox': [0.5615, 0.6348, 0.1039, 0.09324]}","{'category': '1', 'conf': 0.234, 'bbox': [0.5305, 0.621, 0.1368, 0.1206]}{'category': '1', 'conf': 0.171, 'bbox': [0.5871, 0.6419, 0.0801, 0.0713]}",0.987
AST1/IMG_0253.JPG,Wed Oct 30 09:03:42 2019,H01-AST1,392372,3778100,11N,2019-10-30 09:03:42,VID7053-00208.jpg,Empty,0,0,,"{'category': '1', 'conf': 0.102, 'bbox': [0.179, 0.4186, 0.03586, 0.06523]}",0.102
AST1/IMG_0254.JPG,Wed Oct 30 10:24:01 2019,H01-AST1,392372,3778100,11N,2019-10-30 10:24:01,VID7053-00209.jpg,Coyote,1,1,"{'category': '1', 'conf': 0.999, 'bbox': [0.00114, 0.5041, 0.1259, 0.3759]}",,0.999
AST1/IMG_0255.JPG,Wed Oct 30 10:57:22 2019,H01-AST1,392372,3778100,11N,2019-10-30 10:57:22,VID7053-00210.jpg,Coyote,1,1,"{'category': '1', 'conf': 0.999, 'bbox': [0.5076, 0.5229, 0.1284, 0.38]}",,0.999
AST1/IMG_0256.JPG,Wed Oct 30 11:48:45 2019,H01-AST1,392372,3778100,11N,2019-10-30 11:48:45,VID7053-00211.jpg,Empty,0,0,,,0
AST1/IMG_0257.JPG,Wed Oct 30 12:01:06 2019,H01-AST1,392372,3778100,11N,2019-10-30 12:01:06,VID7053-00212.jpg,Empty,0,0,,,0
AST1/IMG_0258.JPG,Wed Oct 30 12:09:03 2019,H01-AST1,392372,3778100,11N,2019-10-30 12:09:03,VID7053-00213.jpg,Empty,0,0,,"{'category': '1', 'conf': 0.103, 'bbox': [0.5535, 0.441, 0.02718, 0.06586]}",0.103
AST1/IMG_0259.JPG,Wed Oct 30 12:16:49 2019,H01-AST1,392372,3778100,11N,2019-10-30 12:16:49,VID7053-00214.jpg,Empty,0,0,,,0
AST1/IMG_0260.JPG,Wed Oct 30 12:32:25 2019,H01-AST1,392372,3778100,11N,2019-10-30 12:32:25,VID7053-00215.jpg,Empty,0,0,,"{'category': '1', 'conf': 0.236, 'bbox': [0.2088, 0.3161, 0.0199, 0.06788]}",0.236
AST1/IMG_0261.JPG,Wed Oct 30 14:37:06 2019,H01-AST1,392372,3778100,11N,2019-10-30 14:37:06,VID7053-00216.jpg,Empty,0,0,,"{'category': '1', 'conf': 0.403, 'bbox': [0.7896, 0.828, 0.09317, 0.1192]}",0.403
AST1/IMG_0262.JPG,Wed Oct 30 17:29:25 2019,H01-AST1,392372,3778100,11N,2019-10-30 17:29:25,VID7053-00217.jpg,Rabbit (cannot ID),1,1,"{'category': '1', 'conf': 0.992, 'bbox': [0.4579, 0.493, 0.05076, 0.05513]}","{'category': '1', 'conf': 0.219, 'bbox': [0.4441, 0.5005, 0.05621, 0.04652]}",0.992
AST1/IMG_0263.JPG,Wed Oct 30 22:28:10 2019,H01-AST1,392372,3778100,11N,2019-10-30 22:28:10,VID7053-00218.jpg,Empty,0,0,,,0
AST1/IMG_0264.JPG,Wed Oct 30 23:55:44 2019,H01-AST1,392372,3778100,11N,2019-10-30 23:55:44,VID7053-00219.jpg,small mammal (cannot ID),1,0,,"{'category': '1', 'conf': 0.608, 'bbox': [0.4402, 0.4306, 0.0357, 0.07375]}{'category': '1', 'conf': 0.374, 'bbox': [0.4434, 0.4198, 0.06626, 0.09234]}{'category': '1', 'conf': 0.326, 'bbox': [0.442, 0.4356, 0.02927, 0.05029]}{'category': '1', 'conf': 0.204, 'bbox': [0.4254, 0.4292, 0.04719, 0.0814]}{'category': '1', 'conf': 0.148, 'bbox': [0.4426, 0.4445, 0.02023, 0.03799]}{'category': '1', 'conf': 0.129, 'bbox': [0.4307, 0.4144, 0.04556, 0.08069]}{'category': '1', 'conf': 0.102, 'bbox': [0.4328, 0.4393, 0.03469, 0.05794]}",0.608
AST1/IMG_0265.JPG,Thu Oct 31 04:29:41 2019,H01-AST1,392372,3778100,11N,2019-10-31 04:29:41,VID7053-00220.jpg,Empty,0,0,,,0
AST1/IMG_0266.JPG,Thu Oct 31 13:13:49 2019,H01-AST1,392372,3778100,11N,2019-10-31 13:13:49,VID7053-00221.jpg,Empty,0,0,,,0
AST1/IMG_0267.JPG,Thu Oct 31 13:44:03 2019,H01-AST1,392372,3778100,11N,2019-10-31 13:44:03,VID7053-00222.jpg,Empty,0,0,,,0
AST1/IMG_0268.JPG,Thu Oct 31 13:50:38 2019,H01-AST1,392372,3778100,11N,2019-10-31 13:50:38,VID7053-00223.jpg,Empty,0,0,,,0
AST1/IMG_0269.JPG,Thu Oct 31 14:01:09 2019,H01-AST1,392372,3778100,11N,2019-10-31 14:01:09,VID7053-00224.jpg,Empty,0,0,,,0
AST1/IMG_0270.JPG,Thu Oct 31 14:42:41 2019,H01-AST1,392372,3778100,11N,2019-10-31 14:42:41,VID7053-00225.jpg,Empty,0,0,,"{'category': '1', 'conf': 0.235, 'bbox': [0.7828, 0.8268, 0.09812, 0.1246]}",0.235
AST1/IMG_0271.JPG,Thu Oct 31 14:45:58 2019,H01-AST1,392372,3778100,11N,2019-10-31 14:45:58,VID7053-00226.jpg,Empty,0,0,,,0
AST1/September/IMG_0022.JPG,Sun Sep  1 13:14:06 2019,H01-AST1,392372,3778100,11N,2019-09-01 13:14:06,VID12317-00015.jpg,Rabbit (cannot ID),1,1,"{'category': '1', 'conf': 0.99, 'bbox': [0.476, 0.5385, 0.05059, 0.07681]}","{'category': '1', 'conf': 0.114, 'bbox': [0.4839, 0.54, 0.04017, 0.05155]}",0.99
AST1/September/IMG_0023.JPG,Mon Sep  2 07:30:56 2019,H01-AST1,392372,3778100,11N,2019-09-02 07:30:56,VID12317-00016.jpg,Coyote,1,1,"{'category': '1', 'conf': 0.999, 'bbox': [0.4809, 0.5149, 0.1036, 0.1703]}",,0.999
AST1/September/IMG_0024.JPG,Mon Sep  2 07:31:59 2019,H01-AST1,392372,3778100,11N,2019-09-02 07:31:59,VID12317-00017.jpg,Coyote,1,1,"{'category': '1', 'conf': 0.999, 'bbox': [0.4722, 0.5067, 0.101, 0.1549]}",,0.999
AST1/September/IMG_0025.JPG,Mon Sep  2 13:14:44 2019,H01-AST1,392372,3778100,11N,2019-09-02 13:14:44,VID12317-00018.jpg,Empty,0,0,,,0
AST1/September/IMG_0026.JPG,Tue Sep  3 07:18:29 2019,H01-AST1,392372,3778100,11N,2019-09-03 07:18:29,VID12317-00019.jpg,Coyote,1,1,"{'category': '1', 'conf': 0.999, 'bbox': [0.3987, 0.4622, 0.06491, 0.1306]}","{'category': '1', 'conf': 0.386, 'bbox': [0.2603, 0.4449, 0.09727, 0.1214]}{'category': '1', 'conf': 0.16, 'bbox': [0.3408, 0.4816, 0.03877, 0.07254]}",0.999
AST1/September/IMG_0027.JPG,Tue Sep  3 07:19:22 2019,H01-AST1,392372,3778100,11N,2019-09-03 07:19:22,VID12317-00020.jpg,Coyote,1,1,"{'category': '1', 'conf': 0.999, 'bbox': [0.4243, 0.4469, 0.1068, 0.11]}",,0.999
AST1/September/IMG_0028.JPG,Tue Sep  3 08:52:57 2019,H01-AST1,392372,3778100,11N,2019-09-03 08:52:57,VID12317-00021.jpg,Coyote,1,1,"{'category': '1', 'conf': 0.998, 'bbox': [0.4775, 0.4842, 0.1201, 0.1128]}",,0.998
AST1/September/IMG_0029.JPG,Tue Sep  3 11:06:59 2019,H01-AST1,392372,3778100,11N,2019-09-03 11:06:59,VID12317-00022.jpg,Empty,0,0,,,0
AST1/September/IMG_0030.JPG,Tue Sep  3 11:37:10 2019,H01-AST1,392372,3778100,11N,2019-09-03 11:37:10,VID12317-00023.jpg,Empty,0,0,,,0
AST1/September/IMG_0031.JPG,Tue Sep  3 12:43:37 2019,H01-AST1,392372,3778100,11N,2019-09-03 12:43:37,VID12317-00024.jpg,Empty,0,0,,,0
AST1/September/IMG_0032.JPG,Tue Sep  3 14:14:09 2019,H01-AST1,392372,3778100,11N,2019-09-03 14:14:09,VID12317-00025.jpg,Empty,0,0,,,0
AST1/September/IMG_0033.JPG,Tue Sep  3 18:44:04 2019,H01-AST1,392372,3778100,11N,2019-09-03 18:44:04,VID12317-00026.jpg,Coyote,1,1,"{'category': '1', 'conf': 0.999, 'bbox': [0.4765, 0.4622, 0.08799, 0.1968]}",,0.999
AST1/September/IMG_0034.JPG,Wed Sep  4 19:00:07 2019,H01-AST1,392372,3778100,11N,2019-09-04 19:00:07,VID12317-00027.jpg,Coyote,1,1,"{'category': '1', 'conf': 0.999, 'bbox': [0.4777, 0.4505, 0.102, 0.234]}",,0.999
AST1/September/IMG_0035.JPG,Thu Sep  5 11:03:56 2019,H01-AST1,392372,3778100,11N,2019-09-05 11:03:56,VID12317-00028.jpg,Empty,0,0,,,0
AST1/September/IMG_0036.JPG,Fri Sep  6 05:44:28 2019,H01-AST1,392372,3778100,11N,2019-09-06 05:44:28,VID12317-00029.jpg,Unknown,1,0,,"{'category': '1', 'conf': 0.154, 'bbox': [0.5488, 0.502, 0.03672, 0.06745]}{'category': '1', 'conf': 0.104, 'bbox': [0.562, 0.4867, 0.1182, 0.1317]}",0.154
AST1/September/IMG_0037.JPG,Fri Sep  6 13:35:59 2019,H01-AST1,392372,3778100,11N,2019-09-06 13:35:59,VID12317-00030.jpg,Empty,0,0,,,0
AST1/September/IMG_0038.JPG,Fri Sep  6 20:18:25 2019,H01-AST1,392372,3778100,11N,2019-09-06 20:18:25,VID12317-00031.jpg,Coyote,1,1,"{'category': '1', 'conf': 0.998, 'bbox': [0.4194, 0.5471, 0.07014, 0.1933]}",,0.998
AST1/September/IMG_0039.JPG,Fri Sep  6 23:10:53 2019,H01-AST1,392372,3778100,11N,2019-09-06 23:10:53,VID12317-00032.jpg,Coyote,1,1,"{'category': '1', 'conf': 0.998, 'bbox': [0.5108, 0.5186, 0.1873, 0.1636]}","{'category': '1', 'conf': 0.624, 'bbox': [0.1017, 0.4294, 0.056, 0.08031]}",0.998
AST1/September/IMG_0040.JPG,Sat Sep  7 12:27:41 2019,H01-AST1,392372,3778100,11N,2019-09-07 12:27:41,VID12317-00033.jpg,Empty,0,0,,,0
AST1/September/IMG_0041.JPG,Sat Sep  7 19:16:15 2019,H01-AST1,392372,3778100,11N,2019-09-07 19:16:15,VID12317-00034.jpg,Coyote,1,1,"{'category': '1', 'conf': 0.999, 'bbox': [0.4793, 0.5337, 0.1103, 0.2628]}",,0.999
AST1/September/IMG_0042.JPG,Sun Sep  8 10:22:39 2019,H01-AST1,392372,3778100,11N,2019-09-08 10:22:39,VID12317-00035.jpg,Coyote,1,1,"{'category': '1', 'conf': 0.998, 'bbox': [0.3837, 0.4333, 0.1366, 0.1225]}",,0.998
AST1/September/IMG_0043.JPG,Sun Sep  8 11:06:40 2019,H01-AST1,392372,3778100,11N,2019-09-08 11:06:40,VID12317-00036.jpg,Empty,0,0,,,0
AST1/September/IMG_0044.JPG,Sun Sep  8 11:51:00 2019,H01-AST1,392372,3778100,11N,2019-09-08 11:51:00,VID12317-00037.jpg,Coyote,1,1,"{'category': '1', 'conf': 0.999, 'bbox': [0.5134, 0.5276, 0.1465, 0.1845]}",,0.999
AST1/September/IMG_0045.JPG,Sun Sep  8 11:52:36 2019,H01-AST1,392372,3778100,11N,2019-09-08 11:52:36,VID12317-00038.jpg,Coyote,1,1,"{'category': '1', 'conf': 0.999, 'bbox': [0.4745, 0.4813, 0.08377, 0.1931]}",,0.999
AST1/September/IMG_0046.JPG,Mon Sep  9 08:12:10 2019,H01-AST1,392372,3778100,11N,2019-09-09 08:12:10,VID12317-00039.jpg,Coyote,1,1,"{'category': '1', 'conf': 0.999, 'bbox': [0.4313, 0.4695, 0.04883, 0.1411]}","{'category': '1', 'conf': 0.108, 'bbox': [0.2568, 0.4379, 0.09117, 0.126]}{'category': '1', 'conf': 0.105, 'bbox': [0.1416, 0.1016, 0.05323, 0.05233]}",0.999
AST1/September/IMG_0047.JPG,Mon Sep  9 08:14:30 2019,H01-AST1,392372,3778100,11N,2019-09-09 08:14:30,VID12317-00040.jpg,Coyote,1,1,"{'category': '1', 'conf': 0.999, 'bbox': [0.5334, 0.5378, 0.1222, 0.1989]}",,0.999
AST1/September/IMG_0048.JPG,Mon Sep  9 11:03:33 2019,H01-AST1,392372,3778100,11N,2019-09-09 11:03:33,VID12317-00041.jpg,Empty,0,0,,,0
AST1/September/IMG_0049.JPG,Mon Sep  9 11:19:03 2019,H01-AST1,392372,3778100,11N,2019-09-09 11:19:03,VID12317-00042.jpg,Empty,0,0,,,0
AST1/September/IMG_0050.JPG,Mon Sep  9 11:45:43 2019,H01-AST1,392372,3778100,11N,2019-09-09 11:45:43,VID12317-00043.jpg,Empty,0,0,,,0
AST1/September/IMG_0051.JPG,Mon Sep  9 11:47:35 2019,H01-AST1,392372,3778100,11N,2019-09-09 11:47:35,VID12317-00044.jpg,Empty,0,0,,,0
AST1/September/IMG_0052.JPG,Mon Sep  9 12:53:39 2019,H01-AST1,392372,3778100,11N,2019-09-09 12:53:39,VID12317-00045.jpg,Empty,0,0,,,0
AST1/September/IMG_0053.JPG,Mon Sep  9 14:35:40 2019,H01-AST1,392372,3778100,11N,2019-09-09 14:35:40,VID12317-00046.jpg,Empty,0,0,,,0
AST1/September/IMG_0054.JPG,Tue Sep 10 13:02:59 2019,H01-AST1,392372,3778100,11N,2019-09-10 13:02:59,VID12317-00047.jpg,Empty,0,0,,,0
AST1/September/IMG_0055.JPG,Tue Sep 10 14:08:27 2019,H01-AST1,392372,3778100,11N,2019-09-10 14:08:27,VID12317-00048.jpg,Empty,0,0,,,0
AST1/September/IMG_0056.JPG,Tue Sep 10 14:13:32 2019,H01-AST1,392372,3778100,11N,2019-09-10 14:13:32,VID12317-00049.jpg,Empty,0,0,,,0
AST1/September/IMG_0057.JPG,Tue Sep 10 23:11:22 2019,H01-AST1,392372,3778100,11N,2019-09-10 23:11:22,VID12317-00050.jpg,Empty,0,0,,,0
AST1/September/IMG_0058.JPG,Wed Sep 11 06:21:47 2019,H01-AST1,392372,3778100,11N,2019-09-11 06:21:47,VID12317-00051.jpg,Coyote,1,1,"{'category': '1', 'conf': 0.999, 'bbox': [0.5172, 0.5123, 0.145, 0.2219]}",,0.999
AST1/September/IMG_0059.JPG,Wed Sep 11 23:25:11 2019,H01-AST1,392372,3778100,11N,2019-09-11 23:25:11,VID12317-00052.jpg,Unknown,1,0,,"{'category': '1', 'conf': 0.606, 'bbox': [0, 0.4532, 0.07639, 0.1583]}",0.606
AST1/September/IMG_0060.JPG,Thu Sep 12 08:06:24 2019,H01-AST1,392372,3778100,11N,2019-09-12 08:06:24,VID12317-00053.jpg,Coyote,1,1,"{'category': '1', 'conf': 0.976, 'bbox': [0.4344, 0.473, 0.04544, 0.1369]}","{'category': '1', 'conf': 0.272, 'bbox': [0.4317, 0.4327, 0.05913, 0.1789]}",0.976
AST1/September/IMG_0061.JPG,Fri Sep 13 03:19:35 2019,H01-AST1,392372,3778100,11N,2019-09-13 03:19:35,VID12317-00054.jpg,Coyote,1,1,"{'category': '1', 'conf': 0.987, 'bbox': [0.4431, 0.4615, 0.1152, 0.1074]}",,0.987
AST1/September/IMG_0062.JPG,Fri Sep 13 18:06:48 2019,H01-AST1,392372,3778100,11N,2019-09-13 18:06:48,VID12317-00055.jpg,Coyote,1,1,"{'category': '1', 'conf': 0.999, 'bbox': [0.4757, 0.5083, 0.2288, 0.2243]}",,0.999
AST1/September/IMG_0063.JPG,Sat Sep 14 04:26:23 2019,H01-AST1,392372,3778100,11N,2019-09-14 04:26:23,VID12317-00056.jpg,Empty,0,0,,,0
AST1/September/IMG_0064.JPG,Sun Sep 15 00:23:01 2019,H01-AST1,392372,3778100,11N,2019-09-15 00:23:01,VID12317-00057.jpg,Empty,0,0,,,0
AST1/September/IMG_0065.JPG,Sun Sep 15 12:20:21 2019,H01-AST1,392372,3778100,11N,2019-09-15 12:20:21,VID12317-00058.jpg,Empty,0,0,,,0
AST1/September/IMG_0066.JPG,Sun Sep 15 13:47:23 2019,H01-AST1,392372,3778100,11N,2019-09-15 13:47:23,VID12317-00059.jpg,Empty,0,0,,,0
AST1/September/IMG_0067.JPG,Sun Sep 15 15:08:13 2019,H01-AST1,392372,3778100,11N,2019-09-15 15:08:13,VID12317-00060.jpg,Coyote,1,1,"{'category': '1', 'conf': 0.999, 'bbox': [0.2554, 0.498, 0.2129, 0.4382]}",,0.999
AST1/September/IMG_0068.JPG,Mon Sep 16 00:36:48 2019,H01-AST1,392372,3778100,11N,2019-09-16 00:36:48,VID12317-00061.jpg,Empty,0,0,,,0
AST1/September/IMG_0069.JPG,Mon Sep 16 20:08:22 2019,H01-AST1,392372,3778100,11N,2019-09-16 20:08:22,VID12317-00062.jpg,Coyote,1,1,"{'category': '1', 'conf': 0.999, 'bbox': [0.2269, 0.5593, 0.2409, 0.292]}",,0.999
AST1/September/IMG_0070.JPG,Mon Sep 16 20:08:58 2019,H01-AST1,392372,3778100,11N,2019-09-16 20:08:58,VID12317-00063.jpg,Coyote,1,1,"{'category': '1', 'conf': 0.992, 'bbox': [0.03722, 0.5113, 0.2005, 0.149]}","{'category': '1', 'conf': 0.106, 'bbox': [0.1104, 0.4313, 0.04924, 0.07344]}",0.992
AST1/September/IMG_0071.JPG,Tue Sep 17 12:59:57 2019,H01-AST1,392372,3778100,11N,2019-09-17 12:59:57,VID12317-00064.jpg,Coyote,1,1,"{'category': '1', 'conf': 0.999, 'bbox': [0.4313, 0.4528, 0.1142, 0.1073]}",,0.999
AST1/September/IMG_0072.JPG,Tue Sep 17 13:00:56 2019,H01-AST1,392372,3778100,11N,2019-09-17 13:00:56,VID12317-00065.jpg,Coyote,1,1,"{'category': '1', 'conf': 0.999, 'bbox': [0.05239, 0.4893, 0.2434, 0.2195]}",,0.999
AST1/September/IMG_0073.JPG,Tue Sep 17 15:35:32 2019,H01-AST1,392372,3778100,11N,2019-09-17 15:35:32,VID12317-00066.jpg,Coyote,1,1,"{'category': '1', 'conf': 0.996, 'bbox': [0, 0.438, 0.161, 0.2987]}","{'category': '1', 'conf': 0.173, 'bbox': [0.002543, 0.489, 0.1103, 0.2562]}",0.996
AST1/September/IMG_0074.JPG,Tue Sep 17 19:43:45 2019,H01-AST1,392372,3778100,11N,2019-09-17 19:43:45,VID12317-00067.jpg,Coyote,1,1,"{'category': '1', 'conf': 0.998, 'bbox': [0.3321, 0.5291, 0.2059, 0.2002]}",,0.998
AST1/September/IMG_0075.JPG,Tue Sep 17 21:09:36 2019,H01-AST1,392372,3778100,11N,2019-09-17 21:09:36,VID12317-00068.jpg,Empty,0,0,,,0
AST1/September/IMG_0076.JPG,Wed Sep 18 12:20:21 2019,H01-AST1,392372,3778100,11N,2019-09-18 12:20:21,VID12317-00069.jpg,Empty,0,0,,,0
AST1/September/IMG_0077.JPG,Wed Sep 18 13:51:47 2019,H01-AST1,392372,3778100,11N,2019-09-18 13:51:47,VID12317-00070.jpg,Coyote,1,1,"{'category': '1', 'conf': 0.999, 'bbox': [0.3555, 0.4988, 0.1474, 0.1957]}",,0.999
AST1/September/IMG_0078.JPG,Wed Sep 18 15:28:29 2019,H01-AST1,392372,3778100,11N,2019-09-18 15:28:29,VID12317-00071.jpg,Coyote,1,1,"{'category': '1', 'conf': 0.999, 'bbox': [0.000552, 0.5064, 0.07086, 0.2505]}","{'category': '1', 'conf': 0.126, 'bbox': [0.3035, 0.5134, 0.01939, 0.05562]}",0.999
AST1/September/IMG_0079.JPG,Thu Sep 19 05:08:28 2019,H01-AST1,392372,3778100,11N,2019-09-19 05:08:28,VID12317-00072.jpg,Empty,0,0,,,0
AST1/September/IMG_0080.JPG,Fri Sep 20 06:15:50 2019,H01-AST1,392372,3778100,11N,2019-09-20 06:15:50,VID12317-00073.jpg,Coyote,1,1,"{'category': '1', 'conf': 0.982, 'bbox': [0.4461, 0.4222, 0.0634, 0.2088]}",,0.982
AST1/September/IMG_0081.JPG,Sat Sep 21 09:07:23 2019,H01-AST1,392372,3778100,11N,2019-09-21 09:07:23,VID12317-00074.jpg,Coyote,1,1,"{'category': '1', 'conf': 0.999, 'bbox': [0.4244, 0.4592, 0.06209, 0.1537]}","{'category': '1', 'conf': 0.171, 'bbox': [0.3421, 0.4731, 0.03125, 0.04929]}",0.999
AST1/September/IMG_0082.JPG,Mon Sep 23 08:24:13 2019,H01-AST1,392372,3778100,11N,2019-09-23 08:24:13,VID12317-00075.jpg,Coyote,2,1,"{'category': '1', 'conf': 0.999, 'bbox': [0.4495, 0.4804, 0.07778, 0.1594]}","{'category': '1', 'conf': 0.613, 'bbox': [0.341, 0.4329, 0.06647, 0.101]}{'category': '1', 'conf': 0.6, 'bbox': [0.2551, 0.434, 0.1497, 0.1427]}{'category': '1', 'conf': 0.131, 'bbox': [0.3648, 0.4356, 0.04242, 0.07246]}",0.999
AST1/September/IMG_0083.JPG,Mon Sep 23 08:24:46 2019,H01-AST1,392372,3778100,11N,2019-09-23 08:24:46,VID12317-00076.jpg,Coyote,2,3,"{'category': '1', 'conf': 0.999, 'bbox': [0.3735, 0.4854, 0.1262, 0.196]}{'category': '1', 'conf': 0.904, 'bbox': [0.3413, 0.466, 0.1351, 0.1353]}{'category': '1', 'conf': 0.803, 'bbox': [0.436, 0.4813, 0.07343, 0.1691]}","{'category': '1', 'conf': 0.111, 'bbox': [0.4586, 0.5056, 0.04446, 0.1511]}",0.999
AST1/September/IMG_0084.JPG,Mon Sep 23 08:25:19 2019,H01-AST1,392372,3778100,11N,2019-09-23 08:25:19,VID12317-00077.jpg,Coyote,2,2,"{'category': '1', 'conf': 0.999, 'bbox': [0.4072, 0.4647, 0.2045, 0.2444]}{'category': '1', 'conf': 0.994, 'bbox': [0.389, 0.4068, 0.042, 0.1489]}",,0.999
AST1/September/IMG_0085.JPG,Mon Sep 23 08:35:29 2019,H01-AST1,392372,3778100,11N,2019-09-23 08:35:29,VID12317-00078.jpg,Coyote,1,1,"{'category': '1', 'conf': 0.999, 'bbox': [0.4326, 0.4446, 0.1184, 0.1128]}","{'category': '1', 'conf': 0.134, 'bbox': [0.4312, 0.4577, 0.08763, 0.09301]}",0.999
AST1/September/IMG_0086.JPG,Mon Sep 23 08:41:59 2019,H01-AST1,392372,3778100,11N,2019-09-23 08:41:59,VID12317-00079.jpg,Coyote,1,1,"{'category': '1', 'conf': 0.999, 'bbox': [0.4575, 0.4985, 0.1089, 0.1775]}",,0.999
AST1/September/IMG_0087.JPG,Mon Sep 23 08:50:39 2019,H01-AST1,392372,3778100,11N,2019-09-23 08:50:39,VID12317-00080.jpg,Coyote,1,0,,"{'category': '1', 'conf': 0.183, 'bbox': [0.1404, 0.09872, 0.05566, 0.05659]}",0.183
AST1/September/IMG_0088.JPG,Tue Sep 24 07:03:39 2019,H01-AST1,392372,3778100,11N,2019-09-24 07:03:39,VID12317-00081.jpg,Coyote,1,1,"{'category': '1', 'conf': 0.999, 'bbox': [0.429, 0.468, 0.0547, 0.144]}",,0.999
AST1/September/IMG_0089.JPG,Tue Sep 24 07:04:16 2019,H01-AST1,392372,3778100,11N,2019-09-24 07:04:16,VID12317-00082.jpg,Coyote,1,1,"{'category': '1', 'conf': 0.999, 'bbox': [0.2738, 0.3995, 0.2177, 0.1691]}",,0.999
AST1/September/IMG_0090.JPG,Tue Sep 24 07:41:06 2019,H01-AST1,392372,3778100,11N,2019-09-24 07:41:06,VID12317-00083.jpg,Coyote,1,1,"{'category': '1', 'conf': 0.999, 'bbox': [0.4043, 0.4973, 0.1113, 0.1538]}",,0.999
AST1/September/IMG_0091.JPG,Tue Sep 24 07:41:44 2019,H01-AST1,392372,3778100,11N,2019-09-24 07:41:44,VID12317-00084.jpg,Coyote,1,1,"{'category': '1', 'conf': 0.999, 'bbox': [0.4233, 0.4817, 0.09967, 0.1695]}",,0.999
AST1/September/IMG_0092.JPG,Tue Sep 24 07:44:24 2019,H01-AST1,392372,3778100,11N,2019-09-24 07:44:24,VID12317-00085.jpg,Empty,0,0,,"{'category': '1', 'conf': 0.107, 'bbox': [0.2357, 0.8766, 0.04077, 0.0737]}",0.107
AST1/September/IMG_0093.JPG,Tue Sep 24 07:47:39 2019,H01-AST1,392372,3778100,11N,2019-09-24 07:47:39,VID12317-00086.jpg,Coyote,1,1,"{'category': '1', 'conf': 0.992, 'bbox': [0.0733, 0.5086, 0.09699, 0.1028]}","{'category': '1', 'conf': 0.184, 'bbox': [0.2353, 0.8779, 0.03947, 0.07258]}",0.992
AST1/September/IMG_0094.JPG,Tue Sep 24 07:49:38 2019,H01-AST1,392372,3778100,11N,2019-09-24 07:49:38,VID12317-00087.jpg,Coyote,1,0,,"{'category': '1', 'conf': 0.149, 'bbox': [0.2354, 0.8766, 0.03959, 0.07354]}",0.149
AST1/September/IMG_0095.JPG,Tue Sep 24 21:59:39 2019,H01-AST1,392372,3778100,11N,2019-09-24 21:59:39,VID12317-00088.jpg,Empty,0,0,,,0
AST1/September/IMG_0096.JPG,Tue Sep 24 22:05:37 2019,H01-AST1,392372,3778100,11N,2019-09-24 22:05:37,VID12317-00089.jpg,Coyote,1,1,"{'category': '1', 'conf': 0.824, 'bbox': [0.01198, 0.509, 0.1572, 0.1269]}","{'category': '1', 'conf': 0.798, 'bbox': [0.05674, 0.5223, 0.1128, 0.1057]}{'category': '1', 'conf': 0.306, 'bbox': [0.0851, 0.5281, 0.08937, 0.08513]}{'category': '1', 'conf': 0.279, 'bbox': [0.1049, 0.43, 0.05531, 0.08223]}{'category': '1', 'conf': 0.152, 'bbox': [0.1198, 0.5312, 0.05197, 0.1051]}{'category': '1', 'conf': 0.135, 'bbox': [0.3582, 0.3892, 0.04284, 0.084]}",0.824
AST1/September/IMG_0097.JPG,Wed Sep 25 03:31:09 2019,H01-AST1,392372,3778100,11N,2019-09-25 03:31:09,VID12317-00090.jpg,Empty,0,1,"{'category': '1', 'conf': 0.856, 'bbox': [0.104, 0.4266, 0.05632, 0.0848]}",,0.856
AST1/September/IMG_0098.JPG,Wed Sep 25 07:46:04 2019,H01-AST1,392372,3778100,11N,2019-09-25 07:46:04,VID12317-00091.jpg,Coyote,1,1,"{'category': '1', 'conf': 0.961, 'bbox': [0.2663, 0.4138, 0.1545, 0.1471]}","{'category': '1', 'conf': 0.29, 'bbox': [0.3178, 0.4179, 0.1011, 0.1285]}",0.961
AST1/September/IMG_0099.JPG,Wed Sep 25 07:47:31 2019,H01-AST1,392372,3778100,11N,2019-09-25 07:47:31,VID12317-00092.jpg,Coyote,1,1,"{'category': '1', 'conf': 0.998, 'bbox': [0.3448, 0.4525, 0.1077, 0.1322]}",,0.998
AST1/September/IMG_0100.JPG,Wed Sep 25 08:10:42 2019,H01-AST1,392372,3778100,11N,2019-09-25 08:10:42,VID12317-00093.jpg,Domestic dog,1,1,"{'category': '1', 'conf': 0.999, 'bbox': [0.1399, 0.472, 0.1673, 0.2233]}",,0.999
AST1/September/IMG_0101.JPG,Wed Sep 25 08:42:03 2019,H01-AST1,392372,3778100,11N,2019-09-25 08:42:03,VID12317-00094.jpg,Empty,0,0,,,0
AST1/September/IMG_0102.JPG,Wed Sep 25 11:23:23 2019,H01-AST1,392372,3778100,11N,2019-09-25 11:23:23,VID12317-00095.jpg,Empty,0,0,,,0
AST1/September/IMG_0103.JPG,Wed Sep 25 13:23:32 2019,H01-AST1,392372,3778100,11N,2019-09-25 13:23:32,VID12317-00096.jpg,Human,1,0,,"{'category': '2', 'conf': 0.999, 'bbox': [0.4609, 0.1292, 0.1011, 0.5195]}{'category': '2', 'conf': 0.994, 'bbox': [0.3525, 0.2664, 0.06946, 0.2556]}",0
AST1/September/IMG_0104.JPG,Wed Sep 25 13:24:06 2019,H01-AST1,392372,3778100,11N,2019-09-25 13:24:06,VID12317-00097.jpg,Human,1,0,,,0
AST1/September/IMG_0105.JPG,Wed Sep 25 13:24:40 2019,H01-AST1,392372,3778100,11N,2019-09-25 13:24:40,VID12317-00098.jpg,Human,1,0,,"{'category': '2', 'conf': 0.998, 'bbox': [0.08764, 0, 0.5151, 0.9658]}{'category': '2', 'conf': 0.965, 'bbox': [0.4004, 0.6551, 0.09235, 0.3024]}",0
AST1/IMG_0272.JPG,Fri Nov  1 08:21:47 2019,H01-AST1,392372,3778100,11N,2019-11-01 08:21:47,VID12320-00000.jpg,Empty,0,0,,"{'category': '1', 'conf': 0.177, 'bbox': [0.4354, 0.5911, 0.03429, 0.07304]}",0.177
AST1/IMG_0273.JPG,Fri Nov  1 09:43:02 2019,H01-AST1,392372,3778100,11N,2019-11-01 09:43:02,VID12320-00001.jpg,Coyote,1,1,"{'category': '1', 'conf': 0.999, 'bbox': [0.5025, 0.5395, 0.1183, 0.332]}",,0.999
AST1/IMG_0274.JPG,Fri Nov  1 11:53:34 2019,H01-AST1,392372,3778100,11N,2019-11-01 11:53:34,VID12320-00002.jpg,Empty,0,0,,,0
AST1/IMG_0275.JPG,Fri Nov  1 13:12:55 2019,H01-AST1,392372,3778100,11N,2019-11-01 13:12:55,VID12320-00003.jpg,Empty,0,0,,,0
AST1/IMG_0276.JPG,Fri Nov  1 14:14:06 2019,H01-AST1,392372,3778100,11N,2019-11-01 14:14:06,VID12320-00004.jpg,Empty,0,0,,"{'category': '1', 'conf': 0.363, 'bbox': [0.1786, 0.4389, 0.01716, 0.04135]}",0.363
AST1/IMG_0277.JPG,Fri Nov  1 14:30:01 2019,H01-AST1,392372,3778100,11N,2019-11-01 14:30:01,VID12320-00005.jpg,Coyote,1,1,"{'category': '1', 'conf': 0.999, 'bbox': [0.3767, 0.5125, 0.1857, 0.3492]}",,0.999
AST1/IMG_0278.JPG,Fri Nov  1 21:16:29 2019,H01-AST1,392372,3778100,11N,2019-11-01 21:16:29,VID12320-00006.jpg,Coyote,2,1,"{'category': '1', 'conf': 0.996, 'bbox': [0.382, 0.3627, 0.06668, 0.29]}","{'category': '1', 'conf': 0.73, 'bbox': [0.3786, 0.3629, 0.04971, 0.125]}{'category': '1', 'conf': 0.177, 'bbox': [0.378, 0.3667, 0.03179, 0.1155]}",0.996
AST1/IMG_0279.JPG,Fri Nov  1 22:59:21 2019,H01-AST1,392372,3778100,11N,2019-11-01 22:59:21,VID12320-00007.jpg,Empty,0,0,,,0
AST1/IMG_0280.JPG,Sat Nov  2 00:35:12 2019,H01-AST1,392372,3778100,11N,2019-11-02 00:35:12,VID12320-00008.jpg,Empty,0,0,,"{'category': '1', 'conf': 0.188, 'bbox': [0.3439, 0.5158, 0.03754, 0.09896]}",0.188
AST1/IMG_0281.JPG,Sat Nov  2 06:20:18 2019,H01-AST1,392372,3778100,11N,2019-11-02 06:20:18,VID12320-00009.jpg,small mammal (cannot ID),1,0,,,0
AST1/IMG_0282.JPG,Sat Nov  2 07:09:23 2019,H01-AST1,392372,3778100,11N,2019-11-02 07:09:23,VID12320-00010.jpg,Rabbit (cannot ID),1,0,,"{'category': '1', 'conf': 0.66, 'bbox': [0.5255, 0.4796, 0.03025, 0.03222]}",0.66
AST1/IMG_0283.JPG,Sat Nov  2 12:15:33 2019,H01-AST1,392372,3778100,11N,2019-11-02 12:15:33,VID12320-00011.jpg,Empty,0,0,,,0
AST1/IMG_0284.JPG,Sat Nov  2 12:16:34 2019,H01-AST1,392372,3778100,11N,2019-11-02 12:16:34,VID12320-00012.jpg,Empty,0,0,,,0
AST1/IMG_0285.JPG,Sat Nov  2 12:48:26 2019,H01-AST1,392372,3778100,11N,2019-11-02 12:48:26,VID12320-00013.jpg,Empty,0,0,,,0
AST1/IMG_0286.JPG,Sat Nov  2 12:49:13 2019,H01-AST1,392372,3778100,11N,2019-11-02 12:49:13,VID12320-00014.jpg,Empty,0,0,,,0
AST1/IMG_0287.JPG,Sat Nov  2 12:51:53 2019,H01-AST1,392372,3778100,11N,2019-11-02 12:51:53,VID12320-00015.jpg,Empty,0,0,,,0
AST1/IMG_0288.JPG,Sat Nov  2 13:02:36 2019,H01-AST1,392372,3778100,11N,2019-11-02 13:02:36,VID12320-00016.jpg,Empty,0,0,,,0
AST1/IMG_0289.JPG,Sun Nov  3 02:06:58 2019,H01-AST1,392372,3778100,11N,2019-11-03 02:06:58,VID12320-00017.jpg,Empty,0,0,,,0
AST1/IMG_0290.JPG,Sun Nov  3 04:43:09 2019,H01-AST1,392372,3778100,11N,2019-11-03 04:43:09,VID12320-00018.jpg,small mammal (cannot ID),1,0,,,0
AST1/IMG_0291.JPG,Sun Nov  3 05:37:28 2019,H01-AST1,392372,3778100,11N,2019-11-03 05:37:28,VID12320-00019.jpg,Unknown,1,0,,"{'category': '1', 'conf': 0.255, 'bbox': [0.4436, 0.44, 0.02782, 0.03896]}{'category': '1', 'conf': 0.254, 'bbox': [0.4408, 0.4382, 0.0346, 0.06415]}{'category': '1', 'conf': 0.178, 'bbox': [0.429, 0.4344, 0.04062, 0.05211]}{'category': '1', 'conf': 0.173, 'bbox': [0.4434, 0.4335, 0.0664, 0.07473]}{'category': '1', 'conf': 0.155, 'bbox': [0.4401, 0.4446, 0.02863, 0.04708]}{'category': '1', 'conf': 0.125, 'bbox': [0.4261, 0.4307, 0.04787, 0.07685]}",0.255
AST1/IMG_0292.JPG,Sun Nov  3 08:25:21 2019,H01-AST1,392372,3778100,11N,2019-11-03 08:25:21,VID12320-00020.jpg,Coyote,1,1,"{'category': '1', 'conf': 0.999, 'bbox': [0.5155, 0.3887, 0.06567, 0.1426]}",,0.999
AST1/IMG_0293.JPG,Sun Nov  3 09:28:56 2019,H01-AST1,392372,3778100,11N,2019-11-03 09:28:56,VID12320-00021.jpg,Coyote,1,1,"{'category': '1', 'conf': 0.999, 'bbox': [0.4342, 0.4395, 0.04984, 0.1434]}",,0.999
AST1/IMG_0294.JPG,Sun Nov  3 10:18:29 2019,H01-AST1,392372,3778100,11N,2019-11-03 10:18:29,VID12320-00022.jpg,Empty,0,0,,,0
AST1/IMG_0295.JPG,Sun Nov  3 10:45:42 2019,H01-AST1,392372,3778100,11N,2019-11-03 10:45:42,VID12320-00023.jpg,Domestic dog,1,0,,,0
AST1/IMG_0296.JPG,Sun Nov  3 10:46:23 2019,H01-AST1,392372,3778100,11N,2019-11-03 10:46:23,VID12320-00024.jpg,Coyote,1,1,"{'category': '1', 'conf': 0.851, 'bbox': [0.4927, 0.4011, 0.03415, 0.09693]}",,0.851
AST1/IMG_0297.JPG,Sun Nov  3 12:15:27 2019,H01-AST1,392372,3778100,11N,2019-11-03 12:15:27,VID12320-00025.jpg,Empty,0,0,,"{'category': '1', 'conf': 0.217, 'bbox': [0.2269, 0.3708, 0.01936, 0.03913]}",0.217
AST1/IMG_0298.JPG,Sun Nov  3 12:30:24 2019,H01-AST1,392372,3778100,11N,2019-11-03 12:30:24,VID12320-00026.jpg,Empty,0,0,,"{'category': '1', 'conf': 0.102, 'bbox': [0.2259, 0.3685, 0.02093, 0.03523]}",0.102
AST1/IMG_0299.JPG,Sun Nov  3 12:59:52 2019,H01-AST1,392372,3778100,11N,2019-11-03 12:59:52,VID12320-00027.jpg,Empty,0,0,,,0
AST1/IMG_0300.JPG,Sun Nov  3 13:22:52 2019,H01-AST1,392372,3778100,11N,2019-11-03 13:22:52,VID12320-00028.jpg,Empty,0,0,,,0
AST1/IMG_0301.JPG,Sun Nov  3 13:34:57 2019,H01-AST1,392372,3778100,11N,2019-11-03 13:34:57,VID12320-00029.jpg,Empty,0,0,,,0
AST1/IMG_0302.JPG,Sun Nov  3 15:20:42 2019,H01-AST1,392372,3778100,11N,2019-11-03 15:20:42,VID12320-00030.jpg,Coyote,1,1,"{'category': '1', 'conf': 0.996, 'bbox': [0.4346, 0.4404, 0.05844, 0.1131]}",,0.996
AST1/IMG_0303.JPG,Sun Nov  3 15:22:30 2019,H01-AST1,392372,3778100,11N,2019-11-03 15:22:30,VID12320-00031.jpg,Coyote,1,1,"{'category': '1', 'conf': 0.999, 'bbox': [0.3781, 0.3803, 0.08577, 0.1634]}",,0.999
AST1/IMG_0304.JPG,Sun Nov  3 15:23:14 2019,H01-AST1,392372,3778100,11N,2019-11-03 15:23:14,VID12320-00032.jpg,Coyote,1,1,"{'category': '1', 'conf': 0.976, 'bbox': [0.4299, 0.4461, 0.05862, 0.1334]}",,0.976
AST1/IMG_0305.JPG,Sun Nov  3 15:23:50 2019,H01-AST1,392372,3778100,11N,2019-11-03 15:23:50,VID12320-00033.jpg,Coyote,1,1,"{'category': '1', 'conf': 0.993, 'bbox': [0.4521, 0.4434, 0.06646, 0.154]}","{'category': '1', 'conf': 0.163, 'bbox': [0.443, 0.4439, 0.07643, 0.2275]}",0.993
AST1/IMG_0306.JPG,Sun Nov  3 23:18:02 2019,H01-AST1,392372,3778100,11N,2019-11-03 23:18:02,VID12320-00034.jpg,Coyote,1,1,"{'category': '1', 'conf': 0.998, 'bbox': [0.2518, 0.3159, 0.1274, 0.138]}",,0.998
AST1/IMG_0307.JPG,Mon Nov  4 17:32:17 2019,H01-AST1,392372,3778100,11N,2019-11-04 17:32:17,VID12320-00035.jpg,Rabbit (cannot ID),1,1,"{'category': '1', 'conf': 0.992, 'bbox': [0.5461, 0.5397, 0.03957, 0.05893]}","{'category': '1', 'conf': 0.191, 'bbox': [0.2245, 0.369, 0.02115, 0.03842]}",0.992
AST1/IMG_0308.JPG,Mon Nov  4 18:56:04 2019,H01-AST1,392372,3778100,11N,2019-11-04 18:56:04,VID12320-00036.jpg,Empty,0,0,,,0
AST1/IMG_0309.JPG,Tue Nov  5 09:11:11 2019,H01-AST1,392372,3778100,11N,2019-11-05 09:11:11,VID12320-00037.jpg,Coyote,1,1,"{'category': '1', 'conf': 0.999, 'bbox': [0.5033, 0.4822, 0.1028, 0.343]}",,0.999
AST1/IMG_0310.JPG,Tue Nov  5 12:13:24 2019,H01-AST1,392372,3778100,11N,2019-11-05 12:13:24,VID12320-00038.jpg,Empty,0,0,,,0
AST1/IMG_0311.JPG,Tue Nov  5 12:21:15 2019,H01-AST1,392372,3778100,11N,2019-11-05 12:21:15,VID12320-00039.jpg,Coyote,1,1,"{'category': '1', 'conf': 0.999, 'bbox': [0.4891, 0.4995, 0.1266, 0.3275]}",,0.999
AST1/IMG_0312.JPG,Tue Nov  5 13:57:24 2019,H01-AST1,392372,3778100,11N,2019-11-05 13:57:24,VID12320-00040.jpg,Empty,0,0,,,0
AST1/IMG_0313.JPG,Tue Nov  5 14:36:13 2019,H01-AST1,392372,3778100,11N,2019-11-05 14:36:13,VID12320-00041.jpg,Coyote,1,1,"{'category': '1', 'conf': 0.999, 'bbox': [0.5163, 0.4748, 0.102, 0.3267]}",,0.999
AST1/IMG_0314.JPG,Wed Nov  6 01:56:50 2019,H01-AST1,392372,3778100,11N,2019-11-06 01:56:50,VID12320-00042.jpg,Unknown,1,0,,"{'category': '1', 'conf': 0.753, 'bbox': [0.3209, 0.4602, 0.03418, 0.05445]}{'category': '1', 'conf': 0.407, 'bbox': [0.319, 0.459, 0.05733, 0.0631]}{'category': '1', 'conf': 0.195, 'bbox': [0.3154, 0.4636, 0.04307, 0.06558]}",0.753
AST1/IMG_0315.JPG,Wed Nov  6 08:56:18 2019,H01-AST1,392372,3778100,11N,2019-11-06 08:56:18,VID12320-00043.jpg,Coyote,1,1,"{'category': '1', 'conf': 0.998, 'bbox': [0.451, 0.4309, 0.05485, 0.1444]}",,0.998
AST1/IMG_0316.JPG,Wed Nov  6 10:54:04 2019,H01-AST1,392372,3778100,11N,2019-11-06 10:54:04,VID12320-00044.jpg,Empty,0,0,,,0
